gene	species	transcript_id	seqid	strand	tss_1based	window	upstream_bp	downstream_bp	genomic_start_1based	genomic_end_1based	sequence_length_bp	expected_length_bp	clipped_at_contig_edge	gc_percent	ambiguous_percent	header	source_fasta	representative_source
BGN	chicken	rna-XM_414298.8	NC_052543.1	+	3575072	core	500	100	3574572	3575172	601	601	no	39.434	0.0	BGN|chicken|rna-XM_414298.8|core|NC_052543.1:3574572-3575172|strand=+|tss=3575072	${SYNVOY_ROOT}/pro_panel/genomes/fna/chicken.fna	${PROJECT_ROOT}/analyses/gene_structure/tables/gene_structure_representative_5species.tsv
BGN	chicken	rna-XM_414298.8	NC_052543.1	+	3575072	proximal	2000	200	3573072	3575272	2201	2201	no	38.71	0.0	BGN|chicken|rna-XM_414298.8|proximal|NC_052543.1:3573072-3575272|strand=+|tss=3575072	${SYNVOY_ROOT}/pro_panel/genomes/fna/chicken.fna	${PROJECT_ROOT}/analyses/gene_structure/tables/gene_structure_representative_5species.tsv
BGN	cow	rna-NM_178318.4	NC_037357.1	+	36728478	core	500	100	36727978	36728578	601	601	no	68.885	0.0	BGN|cow|rna-NM_178318.4|core|NC_037357.1:36727978-36728578|strand=+|tss=36728478	${SYNVOY_ROOT}/pro_panel/genomes/fna/cow.fna	${PROJECT_ROOT}/analyses/gene_structure/tables/gene_structure_representative_5species.tsv
BGN	cow	rna-NM_178318.4	NC_037357.1	+	36728478	proximal	2000	200	36726478	36728678	2201	2201	no	58.11	0.0	BGN|cow|rna-NM_178318.4|proximal|NC_037357.1:36726478-36728678|strand=+|tss=36728478	${SYNVOY_ROOT}/pro_panel/genomes/fna/cow.fna	${PROJECT_ROOT}/analyses/gene_structure/tables/gene_structure_representative_5species.tsv
BGN	human	rna-NM_001711.6	NC_000023.11	+	153494980	core	500	100	153494480	153495080	601	601	no	66.223	0.0	BGN|human|rna-NM_001711.6|core|NC_000023.11:153494480-153495080|strand=+|tss=153494980	${SYNVOY_ROOT}/pro_panel/genomes/fna/human.fna	${PROJECT_ROOT}/analyses/gene_structure/tables/gene_structure_representative_5species.tsv
BGN	human	rna-NM_001711.6	NC_000023.11	+	153494980	proximal	2000	200	153492980	153495180	2201	2201	no	59.064	0.0	BGN|human|rna-NM_001711.6|proximal|NC_000023.11:153492980-153495180|strand=+|tss=153494980	${SYNVOY_ROOT}/pro_panel/genomes/fna/human.fna	${PROJECT_ROOT}/analyses/gene_structure/tables/gene_structure_representative_5species.tsv
BGN	mouse	rna-NM_007542.5	NC_000086.8	+	72527207	core	500	100	72526707	72527307	601	601	no	58.403	0.0	BGN|mouse|rna-NM_007542.5|core|NC_000086.8:72526707-72527307|strand=+|tss=72527207	${SYNVOY_ROOT}/pro_panel/genomes/fna/mouse.fna	${PROJECT_ROOT}/analyses/gene_structure/tables/gene_structure_representative_5species.tsv
BGN	mouse	rna-NM_007542.5	NC_000086.8	+	72527207	proximal	2000	200	72525207	72527407	2201	2201	no	49.25	0.0	BGN|mouse|rna-NM_007542.5|proximal|NC_000086.8:72525207-72527407|strand=+|tss=72527207	${SYNVOY_ROOT}/pro_panel/genomes/fna/mouse.fna	${PROJECT_ROOT}/analyses/gene_structure/tables/gene_structure_representative_5species.tsv
BGN	zebrafish	rna-NM_001002227.2	NC_133183.1	-	15890178	core	500	100	15890078	15890678	601	601	no	33.444	0.0	BGN|zebrafish|rna-NM_001002227.2|core|NC_133183.1:15890078-15890678|strand=-|tss=15890178	${SYNVOY_ROOT}/pro_panel/genomes/fna/zebrafish.fna	${PROJECT_ROOT}/analyses/gene_structure/tables/gene_structure_representative_5species.tsv
BGN	zebrafish	rna-NM_001002227.2	NC_133183.1	-	15890178	proximal	2000	200	15889978	15892178	2201	2201	no	38.119	0.0	BGN|zebrafish|rna-NM_001002227.2|proximal|NC_133183.1:15889978-15892178|strand=-|tss=15890178	${SYNVOY_ROOT}/pro_panel/genomes/fna/zebrafish.fna	${PROJECT_ROOT}/analyses/gene_structure/tables/gene_structure_representative_5species.tsv
DCN	chicken	rna-NM_001030747.3	NC_052532.1	-	44112514	core	500	100	44112414	44113014	601	601	no	32.945	0.0	DCN|chicken|rna-NM_001030747.3|core|NC_052532.1:44112414-44113014|strand=-|tss=44112514	${SYNVOY_ROOT}/pro_panel/genomes/fna/chicken.fna	${PROJECT_ROOT}/analyses/gene_structure/tables/gene_structure_representative_5species.tsv
DCN	chicken	rna-NM_001030747.3	NC_052532.1	-	44112514	proximal	2000	200	44112314	44114514	2201	2201	no	34.939	0.0	DCN|chicken|rna-NM_001030747.3|proximal|NC_052532.1:44112314-44114514|strand=-|tss=44112514	${SYNVOY_ROOT}/pro_panel/genomes/fna/chicken.fna	${PROJECT_ROOT}/analyses/gene_structure/tables/gene_structure_representative_5species.tsv
DCN	cow	rna-NM_173906.4	NC_037332.1	-	21053400	core	500	100	21053300	21053900	601	601	no	37.77	0.0	DCN|cow|rna-NM_173906.4|core|NC_037332.1:21053300-21053900|strand=-|tss=21053400	${SYNVOY_ROOT}/pro_panel/genomes/fna/cow.fna	${PROJECT_ROOT}/analyses/gene_structure/tables/gene_structure_representative_5species.tsv
DCN	cow	rna-NM_173906.4	NC_037332.1	-	21053400	proximal	2000	200	21053200	21055400	2201	2201	no	40.345	0.0	DCN|cow|rna-NM_173906.4|proximal|NC_037332.1:21053200-21055400|strand=-|tss=21053400	${SYNVOY_ROOT}/pro_panel/genomes/fna/cow.fna	${PROJECT_ROOT}/analyses/gene_structure/tables/gene_structure_representative_5species.tsv
DCN	human	rna-NM_001920.5	NC_000012.12	-	91182817	core	500	100	91182717	91183317	601	601	no	37.77	0.0	DCN|human|rna-NM_001920.5|core|NC_000012.12:91182717-91183317|strand=-|tss=91182817	${SYNVOY_ROOT}/pro_panel/genomes/fna/human.fna	${PROJECT_ROOT}/analyses/gene_structure/tables/gene_structure_representative_5species.tsv
DCN	human	rna-NM_001920.5	NC_000012.12	-	91182817	proximal	2000	200	91182617	91184817	2201	2201	no	35.529	0.0	DCN|human|rna-NM_001920.5|proximal|NC_000012.12:91182617-91184817|strand=-|tss=91182817	${SYNVOY_ROOT}/pro_panel/genomes/fna/human.fna	${PROJECT_ROOT}/analyses/gene_structure/tables/gene_structure_representative_5species.tsv
DCN	mouse	rna-NM_001190451.2	NC_000076.7	+	97315362	core	500	100	97314862	97315462	601	601	no	39.933	0.0	DCN|mouse|rna-NM_001190451.2|core|NC_000076.7:97314862-97315462|strand=+|tss=97315362	${SYNVOY_ROOT}/pro_panel/genomes/fna/mouse.fna	${PROJECT_ROOT}/analyses/gene_structure/tables/gene_structure_representative_5species.tsv
DCN	mouse	rna-NM_001190451.2	NC_000076.7	+	97315362	proximal	2000	200	97313362	97315562	2201	2201	no	40.209	0.0	DCN|mouse|rna-NM_001190451.2|proximal|NC_000076.7:97313362-97315562|strand=+|tss=97315362	${SYNVOY_ROOT}/pro_panel/genomes/fna/mouse.fna	${PROJECT_ROOT}/analyses/gene_structure/tables/gene_structure_representative_5species.tsv
DCN	zebrafish	rna-NM_131697.1	NC_133179.1	-	16993841	core	500	100	16993741	16994341	601	601	no	52.246	0.0	DCN|zebrafish|rna-NM_131697.1|core|NC_133179.1:16993741-16994341|strand=-|tss=16993841	${SYNVOY_ROOT}/pro_panel/genomes/fna/zebrafish.fna	${PROJECT_ROOT}/analyses/gene_structure/tables/gene_structure_representative_5species.tsv
DCN	zebrafish	rna-NM_131697.1	NC_133179.1	-	16993841	proximal	2000	200	16993641	16995841	2201	2201	no	39.3	0.0	DCN|zebrafish|rna-NM_131697.1|proximal|NC_133179.1:16993641-16995841|strand=-|tss=16993841	${SYNVOY_ROOT}/pro_panel/genomes/fna/zebrafish.fna	${PROJECT_ROOT}/analyses/gene_structure/tables/gene_structure_representative_5species.tsv
EPYC	chicken	rna-NM_001004382.3	NC_052532.1	-	44001958	core	500	100	44001858	44002458	601	601	no	34.276	0.0	EPYC|chicken|rna-NM_001004382.3|core|NC_052532.1:44001858-44002458|strand=-|tss=44001958	${SYNVOY_ROOT}/pro_panel/genomes/fna/chicken.fna	${PROJECT_ROOT}/analyses/gene_structure/tables/gene_structure_representative_5species.tsv
EPYC	chicken	rna-NM_001004382.3	NC_052532.1	-	44001958	proximal	2000	200	44001758	44003958	2201	2201	no	40.527	0.0	EPYC|chicken|rna-NM_001004382.3|proximal|NC_052532.1:44001758-44003958|strand=-|tss=44001958	${SYNVOY_ROOT}/pro_panel/genomes/fna/chicken.fna	${PROJECT_ROOT}/analyses/gene_structure/tables/gene_structure_representative_5species.tsv
EPYC	cow	rna-NM_174307.2	NC_037332.1	-	20885191	core	500	100	20885091	20885691	601	601	no	32.612	0.0	EPYC|cow|rna-NM_174307.2|core|NC_037332.1:20885091-20885691|strand=-|tss=20885191	${SYNVOY_ROOT}/pro_panel/genomes/fna/cow.fna	${PROJECT_ROOT}/analyses/gene_structure/tables/gene_structure_representative_5species.tsv
EPYC	cow	rna-NM_174307.2	NC_037332.1	-	20885191	proximal	2000	200	20884991	20887191	2201	2201	no	36.347	0.0	EPYC|cow|rna-NM_174307.2|proximal|NC_037332.1:20884991-20887191|strand=-|tss=20885191	${SYNVOY_ROOT}/pro_panel/genomes/fna/cow.fna	${PROJECT_ROOT}/analyses/gene_structure/tables/gene_structure_representative_5species.tsv
EPYC	human	rna-NM_004950.5	NC_000012.12	-	91004972	core	500	100	91004872	91005472	601	601	no	31.78	0.0	EPYC|human|rna-NM_004950.5|core|NC_000012.12:91004872-91005472|strand=-|tss=91004972	${SYNVOY_ROOT}/pro_panel/genomes/fna/human.fna	${PROJECT_ROOT}/analyses/gene_structure/tables/gene_structure_representative_5species.tsv
EPYC	human	rna-NM_004950.5	NC_000012.12	-	91004972	proximal	2000	200	91004772	91006972	2201	2201	no	35.529	0.0	EPYC|human|rna-NM_004950.5|proximal|NC_000012.12:91004772-91006972|strand=-|tss=91004972	${SYNVOY_ROOT}/pro_panel/genomes/fna/human.fna	${PROJECT_ROOT}/analyses/gene_structure/tables/gene_structure_representative_5species.tsv
EPYC	mouse	rna-NM_001379456.1	NC_000076.7	+	97479930	core	500	100	97479430	97480030	601	601	no	37.105	0.0	EPYC|mouse|rna-NM_001379456.1|core|NC_000076.7:97479430-97480030|strand=+|tss=97479930	${SYNVOY_ROOT}/pro_panel/genomes/fna/mouse.fna	${PROJECT_ROOT}/analyses/gene_structure/tables/gene_structure_representative_5species.tsv
EPYC	mouse	rna-NM_001379456.1	NC_000076.7	+	97479930	proximal	2000	200	97477930	97480130	2201	2201	no	36.347	0.0	EPYC|mouse|rna-NM_001379456.1|proximal|NC_000076.7:97477930-97480130|strand=+|tss=97479930	${SYNVOY_ROOT}/pro_panel/genomes/fna/mouse.fna	${PROJECT_ROOT}/analyses/gene_structure/tables/gene_structure_representative_5species.tsv
EPYC	zebrafish	rna-NM_001348483.1	NC_133179.1	-	16920982	core	500	100	16920882	16921482	601	601	no	46.423	0.0	EPYC|zebrafish|rna-NM_001348483.1|core|NC_133179.1:16920882-16921482|strand=-|tss=16920982	${SYNVOY_ROOT}/pro_panel/genomes/fna/zebrafish.fna	${PROJECT_ROOT}/analyses/gene_structure/tables/gene_structure_representative_5species.tsv
EPYC	zebrafish	rna-NM_001348483.1	NC_133179.1	-	16920982	proximal	2000	200	16920782	16922982	2201	2201	no	40.663	0.0	EPYC|zebrafish|rna-NM_001348483.1|proximal|NC_133179.1:16920782-16922982|strand=-|tss=16920982	${SYNVOY_ROOT}/pro_panel/genomes/fna/zebrafish.fna	${PROJECT_ROOT}/analyses/gene_structure/tables/gene_structure_representative_5species.tsv
FMOD	chicken	rna-NM_204967.2	NC_052557.1	-	5181340	core	500	100	5181240	5181840	601	601	no	50.416	0.0	FMOD|chicken|rna-NM_204967.2|core|NC_052557.1:5181240-5181840|strand=-|tss=5181340	${SYNVOY_ROOT}/pro_panel/genomes/fna/chicken.fna	${PROJECT_ROOT}/analyses/gene_structure/tables/gene_structure_representative_5species.tsv
FMOD	chicken	rna-NM_204967.2	NC_052557.1	-	5181340	proximal	2000	200	5181140	5183340	2201	2201	no	54.521	0.0	FMOD|chicken|rna-NM_204967.2|proximal|NC_052557.1:5181140-5183340|strand=-|tss=5181340	${SYNVOY_ROOT}/pro_panel/genomes/fna/chicken.fna	${PROJECT_ROOT}/analyses/gene_structure/tables/gene_structure_representative_5species.tsv
FMOD	cow	rna-NM_174058.3	NC_037343.1	-	1132183	core	500	100	1132083	1132683	601	601	no	52.579	0.0	FMOD|cow|rna-NM_174058.3|core|NC_037343.1:1132083-1132683|strand=-|tss=1132183	${SYNVOY_ROOT}/pro_panel/genomes/fna/cow.fna	${PROJECT_ROOT}/analyses/gene_structure/tables/gene_structure_representative_5species.tsv
FMOD	cow	rna-NM_174058.3	NC_037343.1	-	1132183	proximal	2000	200	1131983	1134183	2201	2201	no	46.615	0.0	FMOD|cow|rna-NM_174058.3|proximal|NC_037343.1:1131983-1134183|strand=-|tss=1132183	${SYNVOY_ROOT}/pro_panel/genomes/fna/cow.fna	${PROJECT_ROOT}/analyses/gene_structure/tables/gene_structure_representative_5species.tsv
FMOD	human	rna-NM_002023.5	NC_000001.11	-	203351122	core	500	100	203351022	203351622	601	601	no	51.414	0.0	FMOD|human|rna-NM_002023.5|core|NC_000001.11:203351022-203351622|strand=-|tss=203351122	${SYNVOY_ROOT}/pro_panel/genomes/fna/human.fna	${PROJECT_ROOT}/analyses/gene_structure/tables/gene_structure_representative_5species.tsv
FMOD	human	rna-NM_002023.5	NC_000001.11	-	203351122	proximal	2000	200	203350922	203353122	2201	2201	no	47.842	0.0	FMOD|human|rna-NM_002023.5|proximal|NC_000001.11:203350922-203353122|strand=-|tss=203351122	${SYNVOY_ROOT}/pro_panel/genomes/fna/human.fna	${PROJECT_ROOT}/analyses/gene_structure/tables/gene_structure_representative_5species.tsv
FMOD	mouse	rna-NM_021355.4	NC_000067.7	+	133964992	core	500	100	133964492	133965092	601	601	no	47.421	0.0	FMOD|mouse|rna-NM_021355.4|core|NC_000067.7:133964492-133965092|strand=+|tss=133964992	${SYNVOY_ROOT}/pro_panel/genomes/fna/mouse.fna	${PROJECT_ROOT}/analyses/gene_structure/tables/gene_structure_representative_5species.tsv
FMOD	mouse	rna-NM_021355.4	NC_000067.7	+	133964992	proximal	2000	200	133962992	133965192	2201	2201	no	47.615	0.0	FMOD|mouse|rna-NM_021355.4|proximal|NC_000067.7:133962992-133965192|strand=+|tss=133964992	${SYNVOY_ROOT}/pro_panel/genomes/fna/mouse.fna	${PROJECT_ROOT}/analyses/gene_structure/tables/gene_structure_representative_5species.tsv
FMOD	zebrafish	rna-XM_005167241.6	NC_133183.1	+	44347184	core	500	100	44346684	44347284	601	601	no	35.441	0.0	FMOD|zebrafish|rna-XM_005167241.6|core|NC_133183.1:44346684-44347284|strand=+|tss=44347184	${SYNVOY_ROOT}/pro_panel/genomes/fna/zebrafish.fna	${PROJECT_ROOT}/analyses/gene_structure/tables/gene_structure_representative_5species.tsv
FMOD	zebrafish	rna-XM_005167241.6	NC_133183.1	+	44347184	proximal	2000	200	44345184	44347384	2201	2201	no	34.575	0.0	FMOD|zebrafish|rna-XM_005167241.6|proximal|NC_133183.1:44345184-44347384|strand=+|tss=44347184	${SYNVOY_ROOT}/pro_panel/genomes/fna/zebrafish.fna	${PROJECT_ROOT}/analyses/gene_structure/tables/gene_structure_representative_5species.tsv
LUM	chicken	rna-NM_001276357.2	NC_052532.1	-	44053528	core	500	100	44053428	44054028	601	601	no	35.607	0.0	LUM|chicken|rna-NM_001276357.2|core|NC_052532.1:44053428-44054028|strand=-|tss=44053528	${SYNVOY_ROOT}/pro_panel/genomes/fna/chicken.fna	${PROJECT_ROOT}/analyses/gene_structure/tables/gene_structure_representative_5species.tsv
LUM	chicken	rna-NM_001276357.2	NC_052532.1	-	44053528	proximal	2000	200	44053328	44055528	2201	2201	no	37.392	0.0	LUM|chicken|rna-NM_001276357.2|proximal|NC_052532.1:44053328-44055528|strand=-|tss=44053528	${SYNVOY_ROOT}/pro_panel/genomes/fna/chicken.fna	${PROJECT_ROOT}/analyses/gene_structure/tables/gene_structure_representative_5species.tsv
LUM	cow	rna-NM_173934.1	NC_037332.1	-	20981075	core	500	100	20980975	20981575	601	601	no	49.584	0.0	LUM|cow|rna-NM_173934.1|core|NC_037332.1:20980975-20981575|strand=-|tss=20981075	${SYNVOY_ROOT}/pro_panel/genomes/fna/cow.fna	${PROJECT_ROOT}/analyses/gene_structure/tables/gene_structure_representative_5species.tsv
LUM	cow	rna-NM_173934.1	NC_037332.1	-	20981075	proximal	2000	200	20980875	20983075	2201	2201	no	39.073	0.0	LUM|cow|rna-NM_173934.1|proximal|NC_037332.1:20980875-20983075|strand=-|tss=20981075	${SYNVOY_ROOT}/pro_panel/genomes/fna/cow.fna	${PROJECT_ROOT}/analyses/gene_structure/tables/gene_structure_representative_5species.tsv
LUM	human	rna-NM_002345.4	NC_000012.12	-	91111494	core	500	100	91111394	91111994	601	601	no	42.762	0.0	LUM|human|rna-NM_002345.4|core|NC_000012.12:91111394-91111994|strand=-|tss=91111494	${SYNVOY_ROOT}/pro_panel/genomes/fna/human.fna	${PROJECT_ROOT}/analyses/gene_structure/tables/gene_structure_representative_5species.tsv
LUM	human	rna-NM_002345.4	NC_000012.12	-	91111494	proximal	2000	200	91111294	91113494	2201	2201	no	32.712	0.0	LUM|human|rna-NM_002345.4|proximal|NC_000012.12:91111294-91113494|strand=-|tss=91111494	${SYNVOY_ROOT}/pro_panel/genomes/fna/human.fna	${PROJECT_ROOT}/analyses/gene_structure/tables/gene_structure_representative_5species.tsv
LUM	mouse	rna-NM_008524.2	NC_000076.7	+	97401363	core	500	100	97400863	97401463	601	601	no	39.933	0.0	LUM|mouse|rna-NM_008524.2|core|NC_000076.7:97400863-97401463|strand=+|tss=97401363	${SYNVOY_ROOT}/pro_panel/genomes/fna/mouse.fna	${PROJECT_ROOT}/analyses/gene_structure/tables/gene_structure_representative_5species.tsv
LUM	mouse	rna-NM_008524.2	NC_000076.7	+	97401363	proximal	2000	200	97399363	97401563	2201	2201	no	39.755	0.0	LUM|mouse|rna-NM_008524.2|proximal|NC_000076.7:97399363-97401563|strand=+|tss=97401363	${SYNVOY_ROOT}/pro_panel/genomes/fna/mouse.fna	${PROJECT_ROOT}/analyses/gene_structure/tables/gene_structure_representative_5species.tsv
LUM	zebrafish	rna-NM_001002059.1	NC_133179.1	-	16941309	core	500	100	16941209	16941809	601	601	no	42.596	0.0	LUM|zebrafish|rna-NM_001002059.1|core|NC_133179.1:16941209-16941809|strand=-|tss=16941309	${SYNVOY_ROOT}/pro_panel/genomes/fna/zebrafish.fna	${PROJECT_ROOT}/analyses/gene_structure/tables/gene_structure_representative_5species.tsv
LUM	zebrafish	rna-NM_001002059.1	NC_133179.1	-	16941309	proximal	2000	200	16941109	16943309	2201	2201	no	38.074	0.0	LUM|zebrafish|rna-NM_001002059.1|proximal|NC_133179.1:16941109-16943309|strand=-|tss=16941309	${SYNVOY_ROOT}/pro_panel/genomes/fna/zebrafish.fna	${PROJECT_ROOT}/analyses/gene_structure/tables/gene_structure_representative_5species.tsv
OGN	chicken	rna-NM_204209.2	NC_052543.1	+	3616876	core	500	100	3616376	3616976	601	601	no	39.268	0.0	OGN|chicken|rna-NM_204209.2|core|NC_052543.1:3616376-3616976|strand=+|tss=3616876	${SYNVOY_ROOT}/pro_panel/genomes/fna/chicken.fna	${PROJECT_ROOT}/analyses/gene_structure/tables/gene_structure_representative_5species.tsv
OGN	chicken	rna-NM_204209.2	NC_052543.1	+	3616876	proximal	2000	200	3614876	3617076	2201	2201	no	36.075	0.0	OGN|chicken|rna-NM_204209.2|proximal|NC_052543.1:3614876-3617076|strand=+|tss=3616876	${SYNVOY_ROOT}/pro_panel/genomes/fna/chicken.fna	${PROJECT_ROOT}/analyses/gene_structure/tables/gene_structure_representative_5species.tsv
OGN	cow	rna-NM_173946.2	NC_037335.1	-	84034853	core	500	100	84034753	84035353	601	601	no	32.113	0.0	OGN|cow|rna-NM_173946.2|core|NC_037335.1:84034753-84035353|strand=-|tss=84034853	${SYNVOY_ROOT}/pro_panel/genomes/fna/cow.fna	${PROJECT_ROOT}/analyses/gene_structure/tables/gene_structure_representative_5species.tsv
OGN	cow	rna-NM_173946.2	NC_037335.1	-	84034853	proximal	2000	200	84034653	84036853	2201	2201	no	36.256	0.0	OGN|cow|rna-NM_173946.2|proximal|NC_037335.1:84034653-84036853|strand=-|tss=84034853	${SYNVOY_ROOT}/pro_panel/genomes/fna/cow.fna	${PROJECT_ROOT}/analyses/gene_structure/tables/gene_structure_representative_5species.tsv
OGN	human	rna-NM_014057.5	NC_000009.12	-	92404699	core	500	100	92404599	92405199	601	601	no	29.617	0.0	OGN|human|rna-NM_014057.5|core|NC_000009.12:92404599-92405199|strand=-|tss=92404699	${SYNVOY_ROOT}/pro_panel/genomes/fna/human.fna	${PROJECT_ROOT}/analyses/gene_structure/tables/gene_structure_representative_5species.tsv
OGN	human	rna-NM_014057.5	NC_000009.12	-	92404699	proximal	2000	200	92404499	92406699	2201	2201	no	33.985	0.0	OGN|human|rna-NM_014057.5|proximal|NC_000009.12:92404499-92406699|strand=-|tss=92404699	${SYNVOY_ROOT}/pro_panel/genomes/fna/human.fna	${PROJECT_ROOT}/analyses/gene_structure/tables/gene_structure_representative_5species.tsv
OGN	mouse	rna-NM_008760.5	NC_000079.7	+	49761491	core	500	100	49760991	49761591	601	601	no	41.597	0.0	OGN|mouse|rna-NM_008760.5|core|NC_000079.7:49760991-49761591|strand=+|tss=49761491	${SYNVOY_ROOT}/pro_panel/genomes/fna/mouse.fna	${PROJECT_ROOT}/analyses/gene_structure/tables/gene_structure_representative_5species.tsv
OGN	mouse	rna-NM_008760.5	NC_000079.7	+	49761491	proximal	2000	200	49759491	49761691	2201	2201	no	38.164	0.0	OGN|mouse|rna-NM_008760.5|proximal|NC_000079.7:49759491-49761691|strand=+|tss=49761491	${SYNVOY_ROOT}/pro_panel/genomes/fna/mouse.fna	${PROJECT_ROOT}/analyses/gene_structure/tables/gene_structure_representative_5species.tsv
OGN	zebrafish	rna-NM_001013570.2	NC_133197.1	-	10108774	core	500	100	10108674	10109274	601	601	no	39.933	0.0	OGN|zebrafish|rna-NM_001013570.2|core|NC_133197.1:10108674-10109274|strand=-|tss=10108774	${SYNVOY_ROOT}/pro_panel/genomes/fna/zebrafish.fna	${PROJECT_ROOT}/analyses/gene_structure/tables/gene_structure_representative_5species.tsv
OGN	zebrafish	rna-NM_001013570.2	NC_133197.1	-	10108774	proximal	2000	200	10108574	10110774	2201	2201	no	34.257	0.0	OGN|zebrafish|rna-NM_001013570.2|proximal|NC_133197.1:10108574-10110774|strand=-|tss=10108774	${SYNVOY_ROOT}/pro_panel/genomes/fna/zebrafish.fna	${PROJECT_ROOT}/analyses/gene_structure/tables/gene_structure_representative_5species.tsv
PRELP	chicken	rna-XM_418054.8	NC_052557.1	+	5193998	core	500	100	5193498	5194098	601	601	no	53.577	0.0	PRELP|chicken|rna-XM_418054.8|core|NC_052557.1:5193498-5194098|strand=+|tss=5193998	${SYNVOY_ROOT}/pro_panel/genomes/fna/chicken.fna	${PROJECT_ROOT}/analyses/gene_structure/tables/gene_structure_representative_5species.tsv
PRELP	chicken	rna-XM_418054.8	NC_052557.1	+	5193998	proximal	2000	200	5191998	5194198	2201	2201	no	55.111	0.0	PRELP|chicken|rna-XM_418054.8|proximal|NC_052557.1:5191998-5194198|strand=+|tss=5193998	${SYNVOY_ROOT}/pro_panel/genomes/fna/chicken.fna	${PROJECT_ROOT}/analyses/gene_structure/tables/gene_structure_representative_5species.tsv
PRELP	cow	rna-NM_174434.3	NC_037343.1	+	1238715	core	500	100	1238215	1238815	601	601	no	53.744	0.0	PRELP|cow|rna-NM_174434.3|core|NC_037343.1:1238215-1238815|strand=+|tss=1238715	${SYNVOY_ROOT}/pro_panel/genomes/fna/cow.fna	${PROJECT_ROOT}/analyses/gene_structure/tables/gene_structure_representative_5species.tsv
PRELP	cow	rna-NM_174434.3	NC_037343.1	+	1238715	proximal	2000	200	1236715	1238915	2201	2201	no	53.385	0.0	PRELP|cow|rna-NM_174434.3|proximal|NC_037343.1:1236715-1238915|strand=+|tss=1238715	${SYNVOY_ROOT}/pro_panel/genomes/fna/cow.fna	${PROJECT_ROOT}/analyses/gene_structure/tables/gene_structure_representative_5species.tsv
PRELP	human	rna-NM_002725.4	NC_000001.11	+	203475806	core	500	100	203475306	203475906	601	601	no	51.913	0.0	PRELP|human|rna-NM_002725.4|core|NC_000001.11:203475306-203475906|strand=+|tss=203475806	${SYNVOY_ROOT}/pro_panel/genomes/fna/human.fna	${PROJECT_ROOT}/analyses/gene_structure/tables/gene_structure_representative_5species.tsv
PRELP	human	rna-NM_002725.4	NC_000001.11	+	203475806	proximal	2000	200	203473806	203476006	2201	2201	no	49.341	0.0	PRELP|human|rna-NM_002725.4|proximal|NC_000001.11:203473806-203476006|strand=+|tss=203475806	${SYNVOY_ROOT}/pro_panel/genomes/fna/human.fna	${PROJECT_ROOT}/analyses/gene_structure/tables/gene_structure_representative_5species.tsv
PRELP	mouse	rna-NM_054077.4	NC_000067.7	-	133857820	core	500	100	133857720	133858320	601	601	no	51.913	0.0	PRELP|mouse|rna-NM_054077.4|core|NC_000067.7:133857720-133858320|strand=-|tss=133857820	${SYNVOY_ROOT}/pro_panel/genomes/fna/mouse.fna	${PROJECT_ROOT}/analyses/gene_structure/tables/gene_structure_representative_5species.tsv
PRELP	mouse	rna-NM_054077.4	NC_000067.7	-	133857820	proximal	2000	200	133857620	133859820	2201	2201	no	50.886	0.0	PRELP|mouse|rna-NM_054077.4|proximal|NC_000067.7:133857620-133859820|strand=-|tss=133857820	${SYNVOY_ROOT}/pro_panel/genomes/fna/mouse.fna	${PROJECT_ROOT}/analyses/gene_structure/tables/gene_structure_representative_5species.tsv
PRELP	zebrafish	rna-XM_001923555.9	NC_133186.1	+	23181387	core	500	100	23180887	23181487	601	601	no	38.769	0.0	PRELP|zebrafish|rna-XM_001923555.9|core|NC_133186.1:23180887-23181487|strand=+|tss=23181387	${SYNVOY_ROOT}/pro_panel/genomes/fna/zebrafish.fna	${PROJECT_ROOT}/analyses/gene_structure/tables/gene_structure_representative_5species.tsv
PRELP	zebrafish	rna-XM_001923555.9	NC_133186.1	+	23181387	proximal	2000	200	23179387	23181587	2201	2201	no	32.485	0.0	PRELP|zebrafish|rna-XM_001923555.9|proximal|NC_133186.1:23179387-23181587|strand=+|tss=23181387	${SYNVOY_ROOT}/pro_panel/genomes/fna/zebrafish.fna	${PROJECT_ROOT}/analyses/gene_structure/tables/gene_structure_representative_5species.tsv
