rank	motif_DB	motif_ID	motif_alt_ID	consensus	p-value	adj_p-value	E-value	tests	FASTA_max	pos	neg	PWM_min	TP	%TP	FP	%FP	significance
1	JASPAR2026_CORE_vertebrates_non-redundant_pfms_meme.txt	MA2522.1	ZNF683	CTTTCACTTTCTCY	1.23e-12	1.27e-9	1.29e-6	1030	34	34	1020	11	13	38.24	20	1.96	E-value < 0.05
2	JASPAR2026_CORE_vertebrates_non-redundant_pfms_meme.txt	MA1623.2	Stat2	GAAACAGAAA	1.92e-12	2.03e-9	2.06e-6	1054	34	34	1020	28	12	35.29	15	1.47	E-value < 0.05
3	JASPAR2026_CORE_vertebrates_non-redundant_pfms_meme.txt	MA2554.1	ZNF471	TYTCCATCTCTTTT	2.18e-11	2.15e-8	2.19e-5	990	34	34	1020	7	18	52.94	77	7.55	E-value < 0.05
4	JASPAR2026_CORE_vertebrates_non-redundant_pfms_meme.txt	MA2489.1	ZFP28	RTTTTCTATTTCTTCTTG	2.14e-9	1.28e-6	1.30e-3	596	34	34	1020	5	7	20.59	3	0.29	E-value < 0.05
5	JASPAR2026_CORE_vertebrates_non-redundant_pfms_meme.txt	MA1125.2	ZNF384	AAAAAAAA	3.07e-9	2.97e-6	3.02e-3	966	34	34	1020	30	15	44.12	66	6.47	E-value < 0.05
6	JASPAR2026_CORE_vertebrates_non-redundant_pfms_meme.txt	MA0041.3	FOXD3	WAWGHAAATAAACA	5.92e-9	6.21e-6	6.32e-3	1049	34	34	1020	27	17	50.00	97	9.51	E-value < 0.05
7	JASPAR2026_CORE_vertebrates_non-redundant_pfms_meme.txt	MA2688.1	ZNF347	CCWTCCCCTTTCCAKY	8.46e-9	6.84e-6	6.97e-3	809	34	34	1020	10	12	35.29	38	3.73	E-value < 0.05
8	JASPAR2026_CORE_vertebrates_non-redundant_pfms_meme.txt	MA1723.2	PRDM9	RGDGGGVAGGGRGGVRRMAR	1.19e-8	8.53e-6	8.69e-3	716	34	34	1020	8	17	50.00	102	10.00	E-value < 0.05
9	JASPAR2026_CORE_vertebrates_non-redundant_pfms_meme.txt	MA2593.1	ZNF362	AAAAAAAAAA	9.73e-9	8.95e-6	9.12e-3	920	34	34	1020	15	16	47.06	86	8.43	E-value < 0.05
10	JASPAR2026_CORE_vertebrates_non-redundant_pfms_meme.txt	MA2531.1	ZNF775	TTCTCACTTCTCCCT	2.03e-8	2.10e-5	2.14e-2	1035	34	34	1020	13	17	50.00	106	10.39	E-value < 0.05
11	JASPAR2026_CORE_vertebrates_non-redundant_pfms_meme.txt	MA0032.2	FOXC1	WAWGTAAAYAW	2.35e-8	2.46e-5	2.51e-2	1046	34	34	1020	27	14	41.18	65	6.37	E-value < 0.05
