gene	species	window	transcript_id	strand	length_bp	expected_length_bp	clipped_at_contig_edge	gc_percent	ambiguous_percent
BGN	cow	core	rna-NM_178318.4	+	601	601	no	68.885	0.0
BGN	cow	proximal	rna-NM_178318.4	+	2201	2201	no	58.11	0.0
BGN	human	core	rna-NM_001711.6	+	601	601	no	66.223	0.0
BGN	human	proximal	rna-NM_001711.6	+	2201	2201	no	59.064	0.0
BGN	mouse	core	rna-NM_007542.5	+	601	601	no	58.403	0.0
BGN	mouse	proximal	rna-NM_007542.5	+	2201	2201	no	49.25	0.0
BGN	zebrafish	core	rna-NM_001002227.2	-	601	601	no	33.444	0.0
BGN	zebrafish	proximal	rna-NM_001002227.2	-	2201	2201	no	38.119	0.0
DCN	chicken	core	rna-NM_001030747.3	-	601	601	no	32.945	0.0
DCN	chicken	proximal	rna-NM_001030747.3	-	2201	2201	no	34.939	0.0
DCN	cow	core	rna-NM_173906.4	-	601	601	no	37.77	0.0
DCN	cow	proximal	rna-NM_173906.4	-	2201	2201	no	40.345	0.0
DCN	human	core	rna-NM_001920.5	-	601	601	no	37.77	0.0
DCN	human	proximal	rna-NM_001920.5	-	2201	2201	no	35.529	0.0
DCN	mouse	core	rna-NM_001190451.2	+	601	601	no	39.933	0.0
DCN	mouse	proximal	rna-NM_001190451.2	+	2201	2201	no	40.209	0.0
DCN	zebrafish	core	rna-NM_131697.1	-	601	601	no	52.246	0.0
DCN	zebrafish	proximal	rna-NM_131697.1	-	2201	2201	no	39.3	0.0
EPYC	chicken	core	rna-NM_001004382.3	-	601	601	no	34.276	0.0
EPYC	chicken	proximal	rna-NM_001004382.3	-	2201	2201	no	40.527	0.0
EPYC	cow	core	rna-NM_174307.2	-	601	601	no	32.612	0.0
EPYC	cow	proximal	rna-NM_174307.2	-	2201	2201	no	36.347	0.0
EPYC	human	core	rna-NM_004950.5	-	601	601	no	31.78	0.0
EPYC	human	proximal	rna-NM_004950.5	-	2201	2201	no	35.529	0.0
EPYC	mouse	core	rna-NM_001379456.1	+	601	601	no	37.105	0.0
EPYC	mouse	proximal	rna-NM_001379456.1	+	2201	2201	no	36.347	0.0
EPYC	zebrafish	core	rna-NM_001348483.1	-	601	601	no	46.423	0.0
EPYC	zebrafish	proximal	rna-NM_001348483.1	-	2201	2201	no	40.663	0.0
FMOD	chicken	core	rna-NM_204967.2	-	601	601	no	50.416	0.0
FMOD	chicken	proximal	rna-NM_204967.2	-	2201	2201	no	54.521	0.0
FMOD	cow	core	rna-NM_174058.3	-	601	601	no	52.579	0.0
FMOD	cow	proximal	rna-NM_174058.3	-	2201	2201	no	46.615	0.0
FMOD	human	core	rna-NM_002023.5	-	601	601	no	51.414	0.0
FMOD	human	proximal	rna-NM_002023.5	-	2201	2201	no	47.842	0.0
FMOD	mouse	core	rna-NM_021355.4	+	601	601	no	47.421	0.0
FMOD	mouse	proximal	rna-NM_021355.4	+	2201	2201	no	47.615	0.0
FMOD	zebrafish	core	rna-XM_005167241.6	+	601	601	no	35.441	0.0
FMOD	zebrafish	proximal	rna-XM_005167241.6	+	2201	2201	no	34.575	0.0
LUM	chicken	core	rna-NM_001276357.2	-	601	601	no	35.607	0.0
LUM	chicken	proximal	rna-NM_001276357.2	-	2201	2201	no	37.392	0.0
LUM	cow	core	rna-NM_173934.1	-	601	601	no	49.584	0.0
LUM	cow	proximal	rna-NM_173934.1	-	2201	2201	no	39.073	0.0
LUM	human	core	rna-NM_002345.4	-	601	601	no	42.762	0.0
LUM	human	proximal	rna-NM_002345.4	-	2201	2201	no	32.712	0.0
LUM	mouse	core	rna-NM_008524.2	+	601	601	no	39.933	0.0
LUM	mouse	proximal	rna-NM_008524.2	+	2201	2201	no	39.755	0.0
LUM	zebrafish	core	rna-NM_001002059.1	-	601	601	no	42.596	0.0
LUM	zebrafish	proximal	rna-NM_001002059.1	-	2201	2201	no	38.074	0.0
OGN	chicken	core	rna-NM_204209.2	+	601	601	no	39.268	0.0
OGN	chicken	proximal	rna-NM_204209.2	+	2201	2201	no	36.075	0.0
OGN	cow	core	rna-NM_173946.2	-	601	601	no	32.113	0.0
OGN	cow	proximal	rna-NM_173946.2	-	2201	2201	no	36.256	0.0
OGN	human	core	rna-NM_014057.5	-	601	601	no	29.617	0.0
OGN	human	proximal	rna-NM_014057.5	-	2201	2201	no	33.985	0.0
OGN	mouse	core	rna-NM_008760.5	+	601	601	no	41.597	0.0
OGN	mouse	proximal	rna-NM_008760.5	+	2201	2201	no	38.164	0.0
OGN	zebrafish	core	rna-NM_001013570.2	-	601	601	no	39.933	0.0
OGN	zebrafish	proximal	rna-NM_001013570.2	-	2201	2201	no	34.257	0.0
PRELP	chicken	core	rna-XM_418054.8	+	601	601	no	53.577	0.0
PRELP	chicken	proximal	rna-XM_418054.8	+	2201	2201	no	55.111	0.0
PRELP	cow	core	rna-NM_174434.3	+	601	601	no	53.744	0.0
PRELP	cow	proximal	rna-NM_174434.3	+	2201	2201	no	53.385	0.0
PRELP	human	core	rna-NM_002725.4	+	601	601	no	51.913	0.0
PRELP	human	proximal	rna-NM_002725.4	+	2201	2201	no	49.341	0.0
PRELP	mouse	core	rna-NM_054077.4	-	601	601	no	51.913	0.0
PRELP	mouse	proximal	rna-NM_054077.4	-	2201	2201	no	50.886	0.0
PRELP	zebrafish	core	rna-XM_001923555.9	+	601	601	no	38.769	0.0
PRELP	zebrafish	proximal	rna-XM_001923555.9	+	2201	2201	no	32.485	0.0
