rank	motif_DB	motif_ID	motif_alt_ID	consensus	p-value	adj_p-value	E-value	tests	FASTA_max	pos	neg	PWM_min	TP	%TP	FP	%FP	panel_significant
1	JASPAR2026_cartilage_growth_plate_targeted.meme	MA0259.2	ARNT::HIF1A	ACGTG	2.15e-5	2.24e-2	8.95e-1	1054	34	34	1020	12	15	44.12	138	13.53	no
2	JASPAR2026_cartilage_growth_plate_targeted.meme	MA1106.2	HIF1A	ACGTGC	6.40e-5	5.40e-2	2.16e0	868	34	34	1020	3	27	79.41	461	45.20	no
3	JASPAR2026_cartilage_growth_plate_targeted.meme	MA1964.2	SMAD2	CCAGAC	6.61e-4	5.01e-1	2.00e1	1052	34	34	1020	9	27	79.41	517	50.69	no
4	JASPAR2026_cartilage_growth_plate_targeted.meme	MA0795.1	SMAD3	YGTCTAGACA	3.04e-3	8.25e-1	3.30e1	572	34	34	1020	4	9	26.47	91	8.92	no
5	JASPAR2026_cartilage_growth_plate_targeted.meme	MA0047.4	FOXA2	WGTAAACA	5.97e-3	9.98e-1	3.99e1	1054	34	34	1020	27	15	44.12	234	22.94	no
6	JASPAR2026_cartilage_growth_plate_targeted.meme	MA0515.1	Sox6	CCWTTGTYYY	1.40e-2	1.00e0	4.00e1	1001	34	34	1020	12	2	5.88	4	0.39	no
7	JASPAR2026_cartilage_growth_plate_targeted.meme	MA1131.2	FOSL2::JUN	RTGACGTMAT	1.42e-2	1.00e0	4.00e1	1022	34	34	1020	2	34	100.00	898	88.04	no
8	JASPAR2026_cartilage_growth_plate_targeted.meme	MA1951.2	FOS	GATGACGTCATCR	5.45e-2	1.00e0	4.00e1	314	34	34	1020	4	2	5.88	10	0.98	no
9	JASPAR2026_cartilage_growth_plate_targeted.meme	MA0105.4	NFKB1	AGGGGAWTCCCCT	1.34e-1	1.00e0	4.00e1	144	34	34	1020	2	6	17.65	104	10.20	no
10	JASPAR2026_cartilage_growth_plate_targeted.meme	MA0624.3	Nfatc1	TGGAAA	1.85e-2	1.00e0	4.00e1	1054	34	34	1020	38	7	20.59	81	7.94	no
11	JASPAR2026_cartilage_growth_plate_targeted.meme	MA0497.2	MEF2C	CYAAAAATAGM	2.23e-2	1.00e0	4.00e1	1035	34	34	1020	7	27	79.41	626	61.37	no
12	JASPAR2026_cartilage_growth_plate_targeted.meme	MA1491.3	GLI3	RGACCACCCACGWHG	3.06e-1	1.00e0	4.00e1	87	34	34	1020	1	4	11.76	83	8.14	no
13	JASPAR2026_cartilage_growth_plate_targeted.meme	MA0523.2	TCF7L2	ASATCAAAG	6.15e-1	1.00e0	4.00e1	1053	34	34	1020	4	33	97.06	980	96.08	no
14	JASPAR2026_cartilage_growth_plate_targeted.meme	MA0144.3	STAT3	TTCYKGGAA	1.32e-1	1.00e0	4.00e1	1053	34	34	1020	4	34	100.00	960	94.12	no
15	JASPAR2026_cartilage_growth_plate_targeted.meme	MA0077.2	SOX9	CYATTGTT	7.19e-1	1.00e0	4.00e1	1054	34	34	1020	15	34	100.00	1010	99.02	no
16	JASPAR2026_cartilage_growth_plate_targeted.meme	MA0087.3	Sox5	AACAATGG	7.19e-1	1.00e0	4.00e1	1054	34	34	1020	6	34	100.00	1010	99.02	no
17	JASPAR2026_cartilage_growth_plate_targeted.meme	MA1153.2	Smad4	TGTCTRG	1.37e-1	1.00e0	4.00e1	863	34	34	1020	4	7	20.59	129	12.65	no
18	JASPAR2026_cartilage_growth_plate_targeted.meme	MA0684.3	RUNX3	AACCTCAA	2.43e-1	1.00e0	4.00e1	1054	34	34	1020	20	31	91.18	869	85.20	no
19	JASPAR2026_cartilage_growth_plate_targeted.meme	MA0768.3	Lef1	CCTTTGAT	3.91e-1	1.00e0	4.00e1	1054	34	34	1020	42	1	2.94	14	1.37	no
20	JASPAR2026_cartilage_growth_plate_targeted.meme	MA1133.2	JUN::JUNB	KRTGACGTCAT	1.50e-1	1.00e0	4.00e1	1048	34	34	1020	6	26	76.47	678	66.47	no
21	JASPAR2026_cartilage_growth_plate_targeted.meme	MA1132.2	JUN::JUNB	ATGACKCA	4.99e-1	1.00e0	4.00e1	1054	34	34	1020	16	34	100.00	999	97.94	no
22	JASPAR2026_cartilage_growth_plate_targeted.meme	MA0734.4	Gli2	GACCACCCA	6.06e-2	1.00e0	4.00e1	1038	34	34	1020	6	21	61.76	477	46.76	no
23	JASPAR2026_cartilage_growth_plate_targeted.meme	MA1990.2	Gli1	RGACCACCCA	8.04e-2	1.00e0	4.00e1	1046	34	34	1020	8	21	61.76	490	48.04	no
24	JASPAR2026_cartilage_growth_plate_targeted.meme	MA1130.2	FOSL2::JUN	RTGAGTCAY	4.21e-1	1.00e0	4.00e1	1047	34	34	1020	3	33	97.06	962	94.31	no
25	JASPAR2026_cartilage_growth_plate_targeted.meme	MA1128.2	FOSL1::JUN	ATGACTCAT	7.60e-1	1.00e0	4.00e1	1051	34	34	1020	3	33	97.06	992	97.25	no
26	JASPAR2026_cartilage_growth_plate_targeted.meme	MA1141.2	FOS::JUND	ATGAGTCAT	1.93e-1	1.00e0	4.00e1	1005	34	34	1020	1	34	100.00	971	95.20	no
27	JASPAR2026_cartilage_growth_plate_targeted.meme	MA1134.2	FOS::JUNB	ATGASTCAT	6.31e-1	1.00e0	4.00e1	1016	34	34	1020	13	1	2.94	29	2.84	no
28	JASPAR2026_cartilage_growth_plate_targeted.meme	MA1126.2	FOS::JUN	RTGACGTCAT	3.23e-1	1.00e0	4.00e1	1054	34	34	1020	10	31	91.18	884	86.67	no
29	JASPAR2026_cartilage_growth_plate_targeted.meme	MA0099.4	FOS::JUN	ATGAGTCAY	5.68e-1	1.00e0	4.00e1	1052	34	34	1020	6	30	88.24	891	87.35	no
30	JASPAR2026_cartilage_growth_plate_targeted.meme	MA0476.2	FOS	TGASTCAT	8.07e-1	1.00e0	4.00e1	905	34	34	1020	1	28	82.35	877	85.98	no
31	JASPAR2026_cartilage_growth_plate_targeted.meme	MA0018.5	CREB1	TGATGTCA	1.88e-1	1.00e0	4.00e1	1054	34	34	1020	14	30	88.24	822	80.59	no
32	JASPAR2026_cartilage_growth_plate_targeted.meme	MA0488.2	JUN	ATGATGTCAT	2.91e-1	1.00e0	4.00e1	810	34	34	1020	4	4	11.76	81	7.94	no
33	JASPAR2026_cartilage_growth_plate_targeted.meme	MA0489.3	Jun	TGACTCAT	4.18e-1	1.00e0	4.00e1	1054	34	34	1020	22	5	14.71	126	12.35	no
34	JASPAR2026_cartilage_growth_plate_targeted.meme	MA0462.3	BATF::JUN	TGACTCA	7.97e-1	1.00e0	4.00e1	1054	34	34	1020	8	33	97.06	995	97.55	no
35	JASPAR2026_cartilage_growth_plate_targeted.meme	MA0833.3	ATF4	ATGATGCAAT	3.58e-1	1.00e0	4.00e1	1012	34	34	1020	4	19	55.88	522	51.18	no
36	JASPAR2026_cartilage_growth_plate_targeted.meme	MA1557.1	SMAD5	YGTCTAGACA	4.47e-2	1.00e0	4.00e1	845	34	34	1020	6	9	26.47	143	14.02	no
37	JASPAR2026_cartilage_growth_plate_targeted.meme	MA1129.1	FOSL1::JUN	ATGACGTCAT	1.37e-1	1.00e0	4.00e1	1049	34	34	1020	6	32	94.12	879	86.18	no
38	JASPAR2026_cartilage_growth_plate_targeted.meme	MA1127.1	FOSB::JUN	GATGACGTCAT	1.65e-1	1.00e0	4.00e1	996	34	34	1020	9	4	11.76	63	6.18	no
39	JASPAR2026_cartilage_growth_plate_targeted.meme	MA0511.2	RUNX2	WAACCGCAA	1.45e-1	1.00e0	4.00e1	1048	34	34	1020	9	10	29.41	208	20.39	no
40	JASPAR2026_cartilage_growth_plate_targeted.meme	MA0107.1	RELA	GGGRATTTCC	1.31e-1	1.00e0	4.00e1	909	34	34	1020	1	32	94.12	877	85.98	no
