species	gene	matrix_gene_id	ensembl_gene_id	ncbi_gene_id	source_row	sample	published_sample_name	bone	age_weeks	zone	replicate	normalized_count	detected	source_accession	source_url
mouse	ASPN	Aspn	ENSMUSG00000021388	66695	2460	1wPh_HZ1	1wPh_HZ1	phalanx	1	HZ	1	6.52943862344477	yes	GSE114919	https://www.ncbi.nlm.nih.gov/geo/query/acc.cgi?acc=GSE114919
mouse	ASPN	Aspn	ENSMUSG00000021388	66695	2460	1wPh_HZ2	1wPh_HZ2	phalanx	1	HZ	2	8.01706716684286	yes	GSE114919	https://www.ncbi.nlm.nih.gov/geo/query/acc.cgi?acc=GSE114919
mouse	ASPN	Aspn	ENSMUSG00000021388	66695	2460	1wPh_HZ3	1wPh_HZ3	phalanx	1	HZ	3	6.10583652817036	yes	GSE114919	https://www.ncbi.nlm.nih.gov/geo/query/acc.cgi?acc=GSE114919
mouse	ASPN	Aspn	ENSMUSG00000021388	66695	2460	1wPh_HZ4	1wPh_HZ4	phalanx	1	HZ	4	4.43241004208824	yes	GSE114919	https://www.ncbi.nlm.nih.gov/geo/query/acc.cgi?acc=GSE114919
mouse	ASPN	Aspn	ENSMUSG00000021388	66695	2460	1wPh_HZ5	1wPh_HZ5	phalanx	1	HZ	5	5.079329499016	yes	GSE114919	https://www.ncbi.nlm.nih.gov/geo/query/acc.cgi?acc=GSE114919
mouse	ASPN	Aspn	ENSMUSG00000021388	66695	2460	1wT_HZ1	1wT_HZ1	tibia	1	HZ	1	6.95025881506955	yes	GSE114919	https://www.ncbi.nlm.nih.gov/geo/query/acc.cgi?acc=GSE114919
mouse	ASPN	Aspn	ENSMUSG00000021388	66695	2460	1wT_HZ2	1wT_HZ2	tibia	1	HZ	2	5.90819481839645	yes	GSE114919	https://www.ncbi.nlm.nih.gov/geo/query/acc.cgi?acc=GSE114919
mouse	ASPN	Aspn	ENSMUSG00000021388	66695	2460	1wT_HZ3	1wT_HZ3	tibia	1	HZ	3	6.96619608031141	yes	GSE114919	https://www.ncbi.nlm.nih.gov/geo/query/acc.cgi?acc=GSE114919
mouse	ASPN	Aspn	ENSMUSG00000021388	66695	2460	1wT_HZ4	1wT_HZ4	tibia	1	HZ	4	4.87499223216622	yes	GSE114919	https://www.ncbi.nlm.nih.gov/geo/query/acc.cgi?acc=GSE114919
mouse	ASPN	Aspn	ENSMUSG00000021388	66695	2460	1wT_HZ5	1wT_HZ5	tibia	1	HZ	5	3.80844467640862	yes	GSE114919	https://www.ncbi.nlm.nih.gov/geo/query/acc.cgi?acc=GSE114919
mouse	ASPN	Aspn	ENSMUSG00000021388	66695	2460	4wT_HZ1	4wT_HZ1	tibia	4	HZ	1	6.29276596195926	yes	GSE114919	https://www.ncbi.nlm.nih.gov/geo/query/acc.cgi?acc=GSE114919
mouse	ASPN	Aspn	ENSMUSG00000021388	66695	2460	4wT_HZ2	4wT_HZ2	tibia	4	HZ	2	3.75461348732014	yes	GSE114919	https://www.ncbi.nlm.nih.gov/geo/query/acc.cgi?acc=GSE114919
mouse	ASPN	Aspn	ENSMUSG00000021388	66695	2460	4wT_HZ3	4wT_HZ3	tibia	4	HZ	3	4.33133941744944	yes	GSE114919	https://www.ncbi.nlm.nih.gov/geo/query/acc.cgi?acc=GSE114919
mouse	ASPN	Aspn	ENSMUSG00000021388	66695	2460	4wT_HZ4	4wT_HZ4	tibia	4	HZ	4	5.02675018524863	yes	GSE114919	https://www.ncbi.nlm.nih.gov/geo/query/acc.cgi?acc=GSE114919
mouse	ASPN	Aspn	ENSMUSG00000021388	66695	2460	4wT_HZ5	4wT_HZ5	tibia	4	HZ	5	5.84376861842401	yes	GSE114919	https://www.ncbi.nlm.nih.gov/geo/query/acc.cgi?acc=GSE114919
mouse	ASPN	Aspn	ENSMUSG00000021388	66695	2460	4wT_PZ1	4wT_PZ1	tibia	4	PZ	1	6.28669457922859	yes	GSE114919	https://www.ncbi.nlm.nih.gov/geo/query/acc.cgi?acc=GSE114919
mouse	ASPN	Aspn	ENSMUSG00000021388	66695	2460	4wT_PZ2	4wT_PZ2	tibia	4	PZ	2	6.91771663217176	yes	GSE114919	https://www.ncbi.nlm.nih.gov/geo/query/acc.cgi?acc=GSE114919
mouse	ASPN	Aspn	ENSMUSG00000021388	66695	2460	4wT_PZ3	4wT_PZ3	tibia	4	PZ	3	4.97221864259774	yes	GSE114919	https://www.ncbi.nlm.nih.gov/geo/query/acc.cgi?acc=GSE114919
mouse	ASPN	Aspn	ENSMUSG00000021388	66695	2460	4wT_PZ4	4wT_PZ4	tibia	4	PZ	4	5.91912385594031	yes	GSE114919	https://www.ncbi.nlm.nih.gov/geo/query/acc.cgi?acc=GSE114919
mouse	ASPN	Aspn	ENSMUSG00000021388	66695	2460	4wT_PZ5	4wT_PZ5	tibia	4	PZ	5	5.9364285617087	yes	GSE114919	https://www.ncbi.nlm.nih.gov/geo/query/acc.cgi?acc=GSE114919
mouse	ASPN	Aspn	ENSMUSG00000021388	66695	2460	1wP_PZ1	1wP_PZ1	phalanx	1	PZ	1	7.90311913727506	yes	GSE114919	https://www.ncbi.nlm.nih.gov/geo/query/acc.cgi?acc=GSE114919
mouse	ASPN	Aspn	ENSMUSG00000021388	66695	2460	1wP_PZ2	1wP_PZ2	phalanx	1	PZ	2	7.38556869740396	yes	GSE114919	https://www.ncbi.nlm.nih.gov/geo/query/acc.cgi?acc=GSE114919
mouse	ASPN	Aspn	ENSMUSG00000021388	66695	2460	1wP_PZ4	1wP_PZ4	phalanx	1	PZ	4	6.41982232434892	yes	GSE114919	https://www.ncbi.nlm.nih.gov/geo/query/acc.cgi?acc=GSE114919
mouse	ASPN	Aspn	ENSMUSG00000021388	66695	2460	1wP_PZ5	1wP_PZ5	phalanx	1	PZ	5	5.58746683205483	yes	GSE114919	https://www.ncbi.nlm.nih.gov/geo/query/acc.cgi?acc=GSE114919
mouse	ASPN	Aspn	ENSMUSG00000021388	66695	2460	1wT_PZ1	1wT_PZ1	tibia	1	PZ	1	5.31847627095764	yes	GSE114919	https://www.ncbi.nlm.nih.gov/geo/query/acc.cgi?acc=GSE114919
mouse	ASPN	Aspn	ENSMUSG00000021388	66695	2460	1wT_PZ2	1wT_PZ2	tibia	1	PZ	2	5.55469411126584	yes	GSE114919	https://www.ncbi.nlm.nih.gov/geo/query/acc.cgi?acc=GSE114919
mouse	ASPN	Aspn	ENSMUSG00000021388	66695	2460	1wT_PZ3	1wT_PZ3	tibia	1	PZ	3	5.9810406064674	yes	GSE114919	https://www.ncbi.nlm.nih.gov/geo/query/acc.cgi?acc=GSE114919
mouse	ASPN	Aspn	ENSMUSG00000021388	66695	2460	1wT_PZ4	1wT_PZ4	tibia	1	PZ	4	4.84147103828807	yes	GSE114919	https://www.ncbi.nlm.nih.gov/geo/query/acc.cgi?acc=GSE114919
mouse	ASPN	Aspn	ENSMUSG00000021388	66695	2460	1wT_PZ5	1wT_PZ5	tibia	1	PZ	5	5.73712936860155	yes	GSE114919	https://www.ncbi.nlm.nih.gov/geo/query/acc.cgi?acc=GSE114919
mouse	BGN	Bgn	ENSMUSG00000031375	12111	2961	1wPh_HZ1	1wPh_HZ1	phalanx	1	HZ	1	14.4507535440761	yes	GSE114919	https://www.ncbi.nlm.nih.gov/geo/query/acc.cgi?acc=GSE114919
mouse	BGN	Bgn	ENSMUSG00000031375	12111	2961	1wPh_HZ2	1wPh_HZ2	phalanx	1	HZ	2	14.2358210537774	yes	GSE114919	https://www.ncbi.nlm.nih.gov/geo/query/acc.cgi?acc=GSE114919
mouse	BGN	Bgn	ENSMUSG00000031375	12111	2961	1wPh_HZ3	1wPh_HZ3	phalanx	1	HZ	3	14.4248681357006	yes	GSE114919	https://www.ncbi.nlm.nih.gov/geo/query/acc.cgi?acc=GSE114919
mouse	BGN	Bgn	ENSMUSG00000031375	12111	2961	1wPh_HZ4	1wPh_HZ4	phalanx	1	HZ	4	13.9683670814587	yes	GSE114919	https://www.ncbi.nlm.nih.gov/geo/query/acc.cgi?acc=GSE114919
mouse	BGN	Bgn	ENSMUSG00000031375	12111	2961	1wPh_HZ5	1wPh_HZ5	phalanx	1	HZ	5	14.5506923307219	yes	GSE114919	https://www.ncbi.nlm.nih.gov/geo/query/acc.cgi?acc=GSE114919
mouse	BGN	Bgn	ENSMUSG00000031375	12111	2961	1wT_HZ1	1wT_HZ1	tibia	1	HZ	1	13.4879111143353	yes	GSE114919	https://www.ncbi.nlm.nih.gov/geo/query/acc.cgi?acc=GSE114919
mouse	BGN	Bgn	ENSMUSG00000031375	12111	2961	1wT_HZ2	1wT_HZ2	tibia	1	HZ	2	13.2623387971347	yes	GSE114919	https://www.ncbi.nlm.nih.gov/geo/query/acc.cgi?acc=GSE114919
mouse	BGN	Bgn	ENSMUSG00000031375	12111	2961	1wT_HZ3	1wT_HZ3	tibia	1	HZ	3	13.8926521994737	yes	GSE114919	https://www.ncbi.nlm.nih.gov/geo/query/acc.cgi?acc=GSE114919
mouse	BGN	Bgn	ENSMUSG00000031375	12111	2961	1wT_HZ4	1wT_HZ4	tibia	1	HZ	4	13.1753285235779	yes	GSE114919	https://www.ncbi.nlm.nih.gov/geo/query/acc.cgi?acc=GSE114919
mouse	BGN	Bgn	ENSMUSG00000031375	12111	2961	1wT_HZ5	1wT_HZ5	tibia	1	HZ	5	13.5188797390284	yes	GSE114919	https://www.ncbi.nlm.nih.gov/geo/query/acc.cgi?acc=GSE114919
mouse	BGN	Bgn	ENSMUSG00000031375	12111	2961	4wT_HZ1	4wT_HZ1	tibia	4	HZ	1	14.8516817909294	yes	GSE114919	https://www.ncbi.nlm.nih.gov/geo/query/acc.cgi?acc=GSE114919
mouse	BGN	Bgn	ENSMUSG00000031375	12111	2961	4wT_HZ2	4wT_HZ2	tibia	4	HZ	2	14.7041815746178	yes	GSE114919	https://www.ncbi.nlm.nih.gov/geo/query/acc.cgi?acc=GSE114919
mouse	BGN	Bgn	ENSMUSG00000031375	12111	2961	4wT_HZ3	4wT_HZ3	tibia	4	HZ	3	15.1331420159597	yes	GSE114919	https://www.ncbi.nlm.nih.gov/geo/query/acc.cgi?acc=GSE114919
mouse	BGN	Bgn	ENSMUSG00000031375	12111	2961	4wT_HZ4	4wT_HZ4	tibia	4	HZ	4	15.0984582956581	yes	GSE114919	https://www.ncbi.nlm.nih.gov/geo/query/acc.cgi?acc=GSE114919
mouse	BGN	Bgn	ENSMUSG00000031375	12111	2961	4wT_HZ5	4wT_HZ5	tibia	4	HZ	5	14.957846081902	yes	GSE114919	https://www.ncbi.nlm.nih.gov/geo/query/acc.cgi?acc=GSE114919
mouse	BGN	Bgn	ENSMUSG00000031375	12111	2961	4wT_PZ1	4wT_PZ1	tibia	4	PZ	1	16.0347672681655	yes	GSE114919	https://www.ncbi.nlm.nih.gov/geo/query/acc.cgi?acc=GSE114919
mouse	BGN	Bgn	ENSMUSG00000031375	12111	2961	4wT_PZ2	4wT_PZ2	tibia	4	PZ	2	16.1430440110401	yes	GSE114919	https://www.ncbi.nlm.nih.gov/geo/query/acc.cgi?acc=GSE114919
mouse	BGN	Bgn	ENSMUSG00000031375	12111	2961	4wT_PZ3	4wT_PZ3	tibia	4	PZ	3	16.4179428282761	yes	GSE114919	https://www.ncbi.nlm.nih.gov/geo/query/acc.cgi?acc=GSE114919
mouse	BGN	Bgn	ENSMUSG00000031375	12111	2961	4wT_PZ4	4wT_PZ4	tibia	4	PZ	4	16.4163809078012	yes	GSE114919	https://www.ncbi.nlm.nih.gov/geo/query/acc.cgi?acc=GSE114919
mouse	BGN	Bgn	ENSMUSG00000031375	12111	2961	4wT_PZ5	4wT_PZ5	tibia	4	PZ	5	16.3782885651178	yes	GSE114919	https://www.ncbi.nlm.nih.gov/geo/query/acc.cgi?acc=GSE114919
mouse	BGN	Bgn	ENSMUSG00000031375	12111	2961	1wP_PZ1	1wP_PZ1	phalanx	1	PZ	1	15.4866441032293	yes	GSE114919	https://www.ncbi.nlm.nih.gov/geo/query/acc.cgi?acc=GSE114919
mouse	BGN	Bgn	ENSMUSG00000031375	12111	2961	1wP_PZ2	1wP_PZ2	phalanx	1	PZ	2	15.1500830259644	yes	GSE114919	https://www.ncbi.nlm.nih.gov/geo/query/acc.cgi?acc=GSE114919
mouse	BGN	Bgn	ENSMUSG00000031375	12111	2961	1wP_PZ4	1wP_PZ4	phalanx	1	PZ	4	15.0605992717766	yes	GSE114919	https://www.ncbi.nlm.nih.gov/geo/query/acc.cgi?acc=GSE114919
mouse	BGN	Bgn	ENSMUSG00000031375	12111	2961	1wP_PZ5	1wP_PZ5	phalanx	1	PZ	5	15.4495285199801	yes	GSE114919	https://www.ncbi.nlm.nih.gov/geo/query/acc.cgi?acc=GSE114919
mouse	BGN	Bgn	ENSMUSG00000031375	12111	2961	1wT_PZ1	1wT_PZ1	tibia	1	PZ	1	14.3415761679399	yes	GSE114919	https://www.ncbi.nlm.nih.gov/geo/query/acc.cgi?acc=GSE114919
mouse	BGN	Bgn	ENSMUSG00000031375	12111	2961	1wT_PZ2	1wT_PZ2	tibia	1	PZ	2	14.5890781730938	yes	GSE114919	https://www.ncbi.nlm.nih.gov/geo/query/acc.cgi?acc=GSE114919
mouse	BGN	Bgn	ENSMUSG00000031375	12111	2961	1wT_PZ3	1wT_PZ3	tibia	1	PZ	3	14.8695018154876	yes	GSE114919	https://www.ncbi.nlm.nih.gov/geo/query/acc.cgi?acc=GSE114919
mouse	BGN	Bgn	ENSMUSG00000031375	12111	2961	1wT_PZ4	1wT_PZ4	tibia	1	PZ	4	14.9492100055825	yes	GSE114919	https://www.ncbi.nlm.nih.gov/geo/query/acc.cgi?acc=GSE114919
mouse	BGN	Bgn	ENSMUSG00000031375	12111	2961	1wT_PZ5	1wT_PZ5	tibia	1	PZ	5	14.571237233707	yes	GSE114919	https://www.ncbi.nlm.nih.gov/geo/query/acc.cgi?acc=GSE114919
mouse	DCN	Dcn	ENSMUSG00000019929	13179	5095	1wPh_HZ1	1wPh_HZ1	phalanx	1	HZ	1	11.0788246149854	yes	GSE114919	https://www.ncbi.nlm.nih.gov/geo/query/acc.cgi?acc=GSE114919
mouse	DCN	Dcn	ENSMUSG00000019929	13179	5095	1wPh_HZ2	1wPh_HZ2	phalanx	1	HZ	2	11.0603052003558	yes	GSE114919	https://www.ncbi.nlm.nih.gov/geo/query/acc.cgi?acc=GSE114919
mouse	DCN	Dcn	ENSMUSG00000019929	13179	5095	1wPh_HZ3	1wPh_HZ3	phalanx	1	HZ	3	11.8127249018707	yes	GSE114919	https://www.ncbi.nlm.nih.gov/geo/query/acc.cgi?acc=GSE114919
mouse	DCN	Dcn	ENSMUSG00000019929	13179	5095	1wPh_HZ4	1wPh_HZ4	phalanx	1	HZ	4	10.9949170758535	yes	GSE114919	https://www.ncbi.nlm.nih.gov/geo/query/acc.cgi?acc=GSE114919
mouse	DCN	Dcn	ENSMUSG00000019929	13179	5095	1wPh_HZ5	1wPh_HZ5	phalanx	1	HZ	5	9.72737641204788	yes	GSE114919	https://www.ncbi.nlm.nih.gov/geo/query/acc.cgi?acc=GSE114919
mouse	DCN	Dcn	ENSMUSG00000019929	13179	5095	1wT_HZ1	1wT_HZ1	tibia	1	HZ	1	9.56663389957209	yes	GSE114919	https://www.ncbi.nlm.nih.gov/geo/query/acc.cgi?acc=GSE114919
mouse	DCN	Dcn	ENSMUSG00000019929	13179	5095	1wT_HZ2	1wT_HZ2	tibia	1	HZ	2	8.58076450965395	yes	GSE114919	https://www.ncbi.nlm.nih.gov/geo/query/acc.cgi?acc=GSE114919
mouse	DCN	Dcn	ENSMUSG00000019929	13179	5095	1wT_HZ3	1wT_HZ3	tibia	1	HZ	3	10.8425614978767	yes	GSE114919	https://www.ncbi.nlm.nih.gov/geo/query/acc.cgi?acc=GSE114919
mouse	DCN	Dcn	ENSMUSG00000019929	13179	5095	1wT_HZ4	1wT_HZ4	tibia	1	HZ	4	9.46122422001826	yes	GSE114919	https://www.ncbi.nlm.nih.gov/geo/query/acc.cgi?acc=GSE114919
mouse	DCN	Dcn	ENSMUSG00000019929	13179	5095	1wT_HZ5	1wT_HZ5	tibia	1	HZ	5	8.6406922055309	yes	GSE114919	https://www.ncbi.nlm.nih.gov/geo/query/acc.cgi?acc=GSE114919
mouse	DCN	Dcn	ENSMUSG00000019929	13179	5095	4wT_HZ1	4wT_HZ1	tibia	4	HZ	1	10.9947741437753	yes	GSE114919	https://www.ncbi.nlm.nih.gov/geo/query/acc.cgi?acc=GSE114919
mouse	DCN	Dcn	ENSMUSG00000019929	13179	5095	4wT_HZ2	4wT_HZ2	tibia	4	HZ	2	10.8346454857377	yes	GSE114919	https://www.ncbi.nlm.nih.gov/geo/query/acc.cgi?acc=GSE114919
mouse	DCN	Dcn	ENSMUSG00000019929	13179	5095	4wT_HZ3	4wT_HZ3	tibia	4	HZ	3	10.5572347568102	yes	GSE114919	https://www.ncbi.nlm.nih.gov/geo/query/acc.cgi?acc=GSE114919
mouse	DCN	Dcn	ENSMUSG00000019929	13179	5095	4wT_HZ4	4wT_HZ4	tibia	4	HZ	4	10.0153377162737	yes	GSE114919	https://www.ncbi.nlm.nih.gov/geo/query/acc.cgi?acc=GSE114919
mouse	DCN	Dcn	ENSMUSG00000019929	13179	5095	4wT_HZ5	4wT_HZ5	tibia	4	HZ	5	11.3104029795588	yes	GSE114919	https://www.ncbi.nlm.nih.gov/geo/query/acc.cgi?acc=GSE114919
mouse	DCN	Dcn	ENSMUSG00000019929	13179	5095	4wT_PZ1	4wT_PZ1	tibia	4	PZ	1	11.0997900305483	yes	GSE114919	https://www.ncbi.nlm.nih.gov/geo/query/acc.cgi?acc=GSE114919
mouse	DCN	Dcn	ENSMUSG00000019929	13179	5095	4wT_PZ2	4wT_PZ2	tibia	4	PZ	2	11.0205184352215	yes	GSE114919	https://www.ncbi.nlm.nih.gov/geo/query/acc.cgi?acc=GSE114919
mouse	DCN	Dcn	ENSMUSG00000019929	13179	5095	4wT_PZ3	4wT_PZ3	tibia	4	PZ	3	10.0568837585456	yes	GSE114919	https://www.ncbi.nlm.nih.gov/geo/query/acc.cgi?acc=GSE114919
mouse	DCN	Dcn	ENSMUSG00000019929	13179	5095	4wT_PZ4	4wT_PZ4	tibia	4	PZ	4	10.3375817303898	yes	GSE114919	https://www.ncbi.nlm.nih.gov/geo/query/acc.cgi?acc=GSE114919
mouse	DCN	Dcn	ENSMUSG00000019929	13179	5095	4wT_PZ5	4wT_PZ5	tibia	4	PZ	5	10.4186198186855	yes	GSE114919	https://www.ncbi.nlm.nih.gov/geo/query/acc.cgi?acc=GSE114919
mouse	DCN	Dcn	ENSMUSG00000019929	13179	5095	1wP_PZ1	1wP_PZ1	phalanx	1	PZ	1	10.5218964987721	yes	GSE114919	https://www.ncbi.nlm.nih.gov/geo/query/acc.cgi?acc=GSE114919
mouse	DCN	Dcn	ENSMUSG00000019929	13179	5095	1wP_PZ2	1wP_PZ2	phalanx	1	PZ	2	10.7401961203976	yes	GSE114919	https://www.ncbi.nlm.nih.gov/geo/query/acc.cgi?acc=GSE114919
mouse	DCN	Dcn	ENSMUSG00000019929	13179	5095	1wP_PZ4	1wP_PZ4	phalanx	1	PZ	4	10.9736946645819	yes	GSE114919	https://www.ncbi.nlm.nih.gov/geo/query/acc.cgi?acc=GSE114919
mouse	DCN	Dcn	ENSMUSG00000019929	13179	5095	1wP_PZ5	1wP_PZ5	phalanx	1	PZ	5	10.4262592117515	yes	GSE114919	https://www.ncbi.nlm.nih.gov/geo/query/acc.cgi?acc=GSE114919
mouse	DCN	Dcn	ENSMUSG00000019929	13179	5095	1wT_PZ1	1wT_PZ1	tibia	1	PZ	1	9.27916759811527	yes	GSE114919	https://www.ncbi.nlm.nih.gov/geo/query/acc.cgi?acc=GSE114919
mouse	DCN	Dcn	ENSMUSG00000019929	13179	5095	1wT_PZ2	1wT_PZ2	tibia	1	PZ	2	9.27773665357413	yes	GSE114919	https://www.ncbi.nlm.nih.gov/geo/query/acc.cgi?acc=GSE114919
mouse	DCN	Dcn	ENSMUSG00000019929	13179	5095	1wT_PZ3	1wT_PZ3	tibia	1	PZ	3	10.0280202488226	yes	GSE114919	https://www.ncbi.nlm.nih.gov/geo/query/acc.cgi?acc=GSE114919
mouse	DCN	Dcn	ENSMUSG00000019929	13179	5095	1wT_PZ4	1wT_PZ4	tibia	1	PZ	4	10.2547939779953	yes	GSE114919	https://www.ncbi.nlm.nih.gov/geo/query/acc.cgi?acc=GSE114919
mouse	DCN	Dcn	ENSMUSG00000019929	13179	5095	1wT_PZ5	1wT_PZ5	tibia	1	PZ	5	9.88356643970554	yes	GSE114919	https://www.ncbi.nlm.nih.gov/geo/query/acc.cgi?acc=GSE114919
mouse	EPYC	Epyc	ENSMUSG00000019936	13516	6053	1wPh_HZ1	1wPh_HZ1	phalanx	1	HZ	1	7.66768993233206	yes	GSE114919	https://www.ncbi.nlm.nih.gov/geo/query/acc.cgi?acc=GSE114919
mouse	EPYC	Epyc	ENSMUSG00000019936	13516	6053	1wPh_HZ2	1wPh_HZ2	phalanx	1	HZ	2	6.60574962269191	yes	GSE114919	https://www.ncbi.nlm.nih.gov/geo/query/acc.cgi?acc=GSE114919
mouse	EPYC	Epyc	ENSMUSG00000019936	13516	6053	1wPh_HZ3	1wPh_HZ3	phalanx	1	HZ	3	6.60011259822098	yes	GSE114919	https://www.ncbi.nlm.nih.gov/geo/query/acc.cgi?acc=GSE114919
mouse	EPYC	Epyc	ENSMUSG00000019936	13516	6053	1wPh_HZ4	1wPh_HZ4	phalanx	1	HZ	4	6.3814063481334	yes	GSE114919	https://www.ncbi.nlm.nih.gov/geo/query/acc.cgi?acc=GSE114919
mouse	EPYC	Epyc	ENSMUSG00000019936	13516	6053	1wPh_HZ5	1wPh_HZ5	phalanx	1	HZ	5	10.4900884954576	yes	GSE114919	https://www.ncbi.nlm.nih.gov/geo/query/acc.cgi?acc=GSE114919
mouse	EPYC	Epyc	ENSMUSG00000019936	13516	6053	1wT_HZ1	1wT_HZ1	tibia	1	HZ	1	9.32412613009446	yes	GSE114919	https://www.ncbi.nlm.nih.gov/geo/query/acc.cgi?acc=GSE114919
mouse	EPYC	Epyc	ENSMUSG00000019936	13516	6053	1wT_HZ2	1wT_HZ2	tibia	1	HZ	2	8.19147568274643	yes	GSE114919	https://www.ncbi.nlm.nih.gov/geo/query/acc.cgi?acc=GSE114919
mouse	EPYC	Epyc	ENSMUSG00000019936	13516	6053	1wT_HZ3	1wT_HZ3	tibia	1	HZ	3	9.58961488698085	yes	GSE114919	https://www.ncbi.nlm.nih.gov/geo/query/acc.cgi?acc=GSE114919
mouse	EPYC	Epyc	ENSMUSG00000019936	13516	6053	1wT_HZ4	1wT_HZ4	tibia	1	HZ	4	8.37364675932699	yes	GSE114919	https://www.ncbi.nlm.nih.gov/geo/query/acc.cgi?acc=GSE114919
mouse	EPYC	Epyc	ENSMUSG00000019936	13516	6053	1wT_HZ5	1wT_HZ5	tibia	1	HZ	5	9.89886653994431	yes	GSE114919	https://www.ncbi.nlm.nih.gov/geo/query/acc.cgi?acc=GSE114919
mouse	EPYC	Epyc	ENSMUSG00000019936	13516	6053	4wT_HZ1	4wT_HZ1	tibia	4	HZ	1	9.52496695804058	yes	GSE114919	https://www.ncbi.nlm.nih.gov/geo/query/acc.cgi?acc=GSE114919
mouse	EPYC	Epyc	ENSMUSG00000019936	13516	6053	4wT_HZ2	4wT_HZ2	tibia	4	HZ	2	8.9283992771886	yes	GSE114919	https://www.ncbi.nlm.nih.gov/geo/query/acc.cgi?acc=GSE114919
mouse	EPYC	Epyc	ENSMUSG00000019936	13516	6053	4wT_HZ3	4wT_HZ3	tibia	4	HZ	3	9.65907398128565	yes	GSE114919	https://www.ncbi.nlm.nih.gov/geo/query/acc.cgi?acc=GSE114919
mouse	EPYC	Epyc	ENSMUSG00000019936	13516	6053	4wT_HZ4	4wT_HZ4	tibia	4	HZ	4	9.65140920034212	yes	GSE114919	https://www.ncbi.nlm.nih.gov/geo/query/acc.cgi?acc=GSE114919
mouse	EPYC	Epyc	ENSMUSG00000019936	13516	6053	4wT_HZ5	4wT_HZ5	tibia	4	HZ	5	9.85585305522083	yes	GSE114919	https://www.ncbi.nlm.nih.gov/geo/query/acc.cgi?acc=GSE114919
mouse	EPYC	Epyc	ENSMUSG00000019936	13516	6053	4wT_PZ1	4wT_PZ1	tibia	4	PZ	1	12.4382806457174	yes	GSE114919	https://www.ncbi.nlm.nih.gov/geo/query/acc.cgi?acc=GSE114919
mouse	EPYC	Epyc	ENSMUSG00000019936	13516	6053	4wT_PZ2	4wT_PZ2	tibia	4	PZ	2	12.4419170861226	yes	GSE114919	https://www.ncbi.nlm.nih.gov/geo/query/acc.cgi?acc=GSE114919
mouse	EPYC	Epyc	ENSMUSG00000019936	13516	6053	4wT_PZ3	4wT_PZ3	tibia	4	PZ	3	12.6053471141012	yes	GSE114919	https://www.ncbi.nlm.nih.gov/geo/query/acc.cgi?acc=GSE114919
mouse	EPYC	Epyc	ENSMUSG00000019936	13516	6053	4wT_PZ4	4wT_PZ4	tibia	4	PZ	4	12.7942424854512	yes	GSE114919	https://www.ncbi.nlm.nih.gov/geo/query/acc.cgi?acc=GSE114919
mouse	EPYC	Epyc	ENSMUSG00000019936	13516	6053	4wT_PZ5	4wT_PZ5	tibia	4	PZ	5	12.7405989981925	yes	GSE114919	https://www.ncbi.nlm.nih.gov/geo/query/acc.cgi?acc=GSE114919
mouse	EPYC	Epyc	ENSMUSG00000019936	13516	6053	1wP_PZ1	1wP_PZ1	phalanx	1	PZ	1	11.1646521281607	yes	GSE114919	https://www.ncbi.nlm.nih.gov/geo/query/acc.cgi?acc=GSE114919
mouse	EPYC	Epyc	ENSMUSG00000019936	13516	6053	1wP_PZ2	1wP_PZ2	phalanx	1	PZ	2	11.1848898236718	yes	GSE114919	https://www.ncbi.nlm.nih.gov/geo/query/acc.cgi?acc=GSE114919
mouse	EPYC	Epyc	ENSMUSG00000019936	13516	6053	1wP_PZ4	1wP_PZ4	phalanx	1	PZ	4	10.7710236144477	yes	GSE114919	https://www.ncbi.nlm.nih.gov/geo/query/acc.cgi?acc=GSE114919
mouse	EPYC	Epyc	ENSMUSG00000019936	13516	6053	1wP_PZ5	1wP_PZ5	phalanx	1	PZ	5	11.4576051904883	yes	GSE114919	https://www.ncbi.nlm.nih.gov/geo/query/acc.cgi?acc=GSE114919
mouse	EPYC	Epyc	ENSMUSG00000019936	13516	6053	1wT_PZ1	1wT_PZ1	tibia	1	PZ	1	11.8222806063597	yes	GSE114919	https://www.ncbi.nlm.nih.gov/geo/query/acc.cgi?acc=GSE114919
mouse	EPYC	Epyc	ENSMUSG00000019936	13516	6053	1wT_PZ2	1wT_PZ2	tibia	1	PZ	2	12.454663872557	yes	GSE114919	https://www.ncbi.nlm.nih.gov/geo/query/acc.cgi?acc=GSE114919
mouse	EPYC	Epyc	ENSMUSG00000019936	13516	6053	1wT_PZ3	1wT_PZ3	tibia	1	PZ	3	12.3230775478912	yes	GSE114919	https://www.ncbi.nlm.nih.gov/geo/query/acc.cgi?acc=GSE114919
mouse	EPYC	Epyc	ENSMUSG00000019936	13516	6053	1wT_PZ4	1wT_PZ4	tibia	1	PZ	4	12.2191658446217	yes	GSE114919	https://www.ncbi.nlm.nih.gov/geo/query/acc.cgi?acc=GSE114919
mouse	EPYC	Epyc	ENSMUSG00000019936	13516	6053	1wT_PZ5	1wT_PZ5	tibia	1	PZ	5	12.5258647829203	yes	GSE114919	https://www.ncbi.nlm.nih.gov/geo/query/acc.cgi?acc=GSE114919
mouse	FMOD	Fmod	ENSMUSG00000041559	14264	6765	1wPh_HZ1	1wPh_HZ1	phalanx	1	HZ	1	11.5527431791755	yes	GSE114919	https://www.ncbi.nlm.nih.gov/geo/query/acc.cgi?acc=GSE114919
mouse	FMOD	Fmod	ENSMUSG00000041559	14264	6765	1wPh_HZ2	1wPh_HZ2	phalanx	1	HZ	2	10.6315401872159	yes	GSE114919	https://www.ncbi.nlm.nih.gov/geo/query/acc.cgi?acc=GSE114919
mouse	FMOD	Fmod	ENSMUSG00000041559	14264	6765	1wPh_HZ3	1wPh_HZ3	phalanx	1	HZ	3	9.77595377442069	yes	GSE114919	https://www.ncbi.nlm.nih.gov/geo/query/acc.cgi?acc=GSE114919
mouse	FMOD	Fmod	ENSMUSG00000041559	14264	6765	1wPh_HZ4	1wPh_HZ4	phalanx	1	HZ	4	11.0085530303642	yes	GSE114919	https://www.ncbi.nlm.nih.gov/geo/query/acc.cgi?acc=GSE114919
mouse	FMOD	Fmod	ENSMUSG00000041559	14264	6765	1wPh_HZ5	1wPh_HZ5	phalanx	1	HZ	5	14.3997912125414	yes	GSE114919	https://www.ncbi.nlm.nih.gov/geo/query/acc.cgi?acc=GSE114919
mouse	FMOD	Fmod	ENSMUSG00000041559	14264	6765	1wT_HZ1	1wT_HZ1	tibia	1	HZ	1	11.8809319763319	yes	GSE114919	https://www.ncbi.nlm.nih.gov/geo/query/acc.cgi?acc=GSE114919
mouse	FMOD	Fmod	ENSMUSG00000041559	14264	6765	1wT_HZ2	1wT_HZ2	tibia	1	HZ	2	10.3661895227982	yes	GSE114919	https://www.ncbi.nlm.nih.gov/geo/query/acc.cgi?acc=GSE114919
mouse	FMOD	Fmod	ENSMUSG00000041559	14264	6765	1wT_HZ3	1wT_HZ3	tibia	1	HZ	3	12.2714781205955	yes	GSE114919	https://www.ncbi.nlm.nih.gov/geo/query/acc.cgi?acc=GSE114919
mouse	FMOD	Fmod	ENSMUSG00000041559	14264	6765	1wT_HZ4	1wT_HZ4	tibia	1	HZ	4	11.0672285199668	yes	GSE114919	https://www.ncbi.nlm.nih.gov/geo/query/acc.cgi?acc=GSE114919
mouse	FMOD	Fmod	ENSMUSG00000041559	14264	6765	1wT_HZ5	1wT_HZ5	tibia	1	HZ	5	11.315416433594	yes	GSE114919	https://www.ncbi.nlm.nih.gov/geo/query/acc.cgi?acc=GSE114919
mouse	FMOD	Fmod	ENSMUSG00000041559	14264	6765	4wT_HZ1	4wT_HZ1	tibia	4	HZ	1	12.710280025173	yes	GSE114919	https://www.ncbi.nlm.nih.gov/geo/query/acc.cgi?acc=GSE114919
mouse	FMOD	Fmod	ENSMUSG00000041559	14264	6765	4wT_HZ2	4wT_HZ2	tibia	4	HZ	2	12.4894505491854	yes	GSE114919	https://www.ncbi.nlm.nih.gov/geo/query/acc.cgi?acc=GSE114919
mouse	FMOD	Fmod	ENSMUSG00000041559	14264	6765	4wT_HZ3	4wT_HZ3	tibia	4	HZ	3	13.2602085327594	yes	GSE114919	https://www.ncbi.nlm.nih.gov/geo/query/acc.cgi?acc=GSE114919
mouse	FMOD	Fmod	ENSMUSG00000041559	14264	6765	4wT_HZ4	4wT_HZ4	tibia	4	HZ	4	13.249389346164	yes	GSE114919	https://www.ncbi.nlm.nih.gov/geo/query/acc.cgi?acc=GSE114919
mouse	FMOD	Fmod	ENSMUSG00000041559	14264	6765	4wT_HZ5	4wT_HZ5	tibia	4	HZ	5	13.1051485457628	yes	GSE114919	https://www.ncbi.nlm.nih.gov/geo/query/acc.cgi?acc=GSE114919
mouse	FMOD	Fmod	ENSMUSG00000041559	14264	6765	4wT_PZ1	4wT_PZ1	tibia	4	PZ	1	16.2185104606008	yes	GSE114919	https://www.ncbi.nlm.nih.gov/geo/query/acc.cgi?acc=GSE114919
mouse	FMOD	Fmod	ENSMUSG00000041559	14264	6765	4wT_PZ2	4wT_PZ2	tibia	4	PZ	2	16.3368924907886	yes	GSE114919	https://www.ncbi.nlm.nih.gov/geo/query/acc.cgi?acc=GSE114919
mouse	FMOD	Fmod	ENSMUSG00000041559	14264	6765	4wT_PZ3	4wT_PZ3	tibia	4	PZ	3	16.5184576759679	yes	GSE114919	https://www.ncbi.nlm.nih.gov/geo/query/acc.cgi?acc=GSE114919
mouse	FMOD	Fmod	ENSMUSG00000041559	14264	6765	4wT_PZ4	4wT_PZ4	tibia	4	PZ	4	16.5986238048756	yes	GSE114919	https://www.ncbi.nlm.nih.gov/geo/query/acc.cgi?acc=GSE114919
mouse	FMOD	Fmod	ENSMUSG00000041559	14264	6765	4wT_PZ5	4wT_PZ5	tibia	4	PZ	5	16.5583879159871	yes	GSE114919	https://www.ncbi.nlm.nih.gov/geo/query/acc.cgi?acc=GSE114919
mouse	FMOD	Fmod	ENSMUSG00000041559	14264	6765	1wP_PZ1	1wP_PZ1	phalanx	1	PZ	1	15.4660415207746	yes	GSE114919	https://www.ncbi.nlm.nih.gov/geo/query/acc.cgi?acc=GSE114919
mouse	FMOD	Fmod	ENSMUSG00000041559	14264	6765	1wP_PZ2	1wP_PZ2	phalanx	1	PZ	2	15.0397500374881	yes	GSE114919	https://www.ncbi.nlm.nih.gov/geo/query/acc.cgi?acc=GSE114919
mouse	FMOD	Fmod	ENSMUSG00000041559	14264	6765	1wP_PZ4	1wP_PZ4	phalanx	1	PZ	4	15.0080618390743	yes	GSE114919	https://www.ncbi.nlm.nih.gov/geo/query/acc.cgi?acc=GSE114919
mouse	FMOD	Fmod	ENSMUSG00000041559	14264	6765	1wP_PZ5	1wP_PZ5	phalanx	1	PZ	5	15.3457473395101	yes	GSE114919	https://www.ncbi.nlm.nih.gov/geo/query/acc.cgi?acc=GSE114919
mouse	FMOD	Fmod	ENSMUSG00000041559	14264	6765	1wT_PZ1	1wT_PZ1	tibia	1	PZ	1	15.455952626827	yes	GSE114919	https://www.ncbi.nlm.nih.gov/geo/query/acc.cgi?acc=GSE114919
mouse	FMOD	Fmod	ENSMUSG00000041559	14264	6765	1wT_PZ2	1wT_PZ2	tibia	1	PZ	2	15.5378570836822	yes	GSE114919	https://www.ncbi.nlm.nih.gov/geo/query/acc.cgi?acc=GSE114919
mouse	FMOD	Fmod	ENSMUSG00000041559	14264	6765	1wT_PZ3	1wT_PZ3	tibia	1	PZ	3	15.3574241160126	yes	GSE114919	https://www.ncbi.nlm.nih.gov/geo/query/acc.cgi?acc=GSE114919
mouse	FMOD	Fmod	ENSMUSG00000041559	14264	6765	1wT_PZ4	1wT_PZ4	tibia	1	PZ	4	15.1177552161691	yes	GSE114919	https://www.ncbi.nlm.nih.gov/geo/query/acc.cgi?acc=GSE114919
mouse	FMOD	Fmod	ENSMUSG00000041559	14264	6765	1wT_PZ5	1wT_PZ5	tibia	1	PZ	5	15.4607555028895	yes	GSE114919	https://www.ncbi.nlm.nih.gov/geo/query/acc.cgi?acc=GSE114919
mouse	LUM	Lum	ENSMUSG00000036446	17022	10340	1wPh_HZ1	1wPh_HZ1	phalanx	1	HZ	1	11.416853974165	yes	GSE114919	https://www.ncbi.nlm.nih.gov/geo/query/acc.cgi?acc=GSE114919
mouse	LUM	Lum	ENSMUSG00000036446	17022	10340	1wPh_HZ2	1wPh_HZ2	phalanx	1	HZ	2	11.2378205098755	yes	GSE114919	https://www.ncbi.nlm.nih.gov/geo/query/acc.cgi?acc=GSE114919
mouse	LUM	Lum	ENSMUSG00000036446	17022	10340	1wPh_HZ3	1wPh_HZ3	phalanx	1	HZ	3	11.633024658609	yes	GSE114919	https://www.ncbi.nlm.nih.gov/geo/query/acc.cgi?acc=GSE114919
mouse	LUM	Lum	ENSMUSG00000036446	17022	10340	1wPh_HZ4	1wPh_HZ4	phalanx	1	HZ	4	11.0829426616026	yes	GSE114919	https://www.ncbi.nlm.nih.gov/geo/query/acc.cgi?acc=GSE114919
mouse	LUM	Lum	ENSMUSG00000036446	17022	10340	1wPh_HZ5	1wPh_HZ5	phalanx	1	HZ	5	10.0257164448711	yes	GSE114919	https://www.ncbi.nlm.nih.gov/geo/query/acc.cgi?acc=GSE114919
mouse	LUM	Lum	ENSMUSG00000036446	17022	10340	1wT_HZ1	1wT_HZ1	tibia	1	HZ	1	9.77418354510201	yes	GSE114919	https://www.ncbi.nlm.nih.gov/geo/query/acc.cgi?acc=GSE114919
mouse	LUM	Lum	ENSMUSG00000036446	17022	10340	1wT_HZ2	1wT_HZ2	tibia	1	HZ	2	8.99114393060668	yes	GSE114919	https://www.ncbi.nlm.nih.gov/geo/query/acc.cgi?acc=GSE114919
mouse	LUM	Lum	ENSMUSG00000036446	17022	10340	1wT_HZ3	1wT_HZ3	tibia	1	HZ	3	10.9147169740919	yes	GSE114919	https://www.ncbi.nlm.nih.gov/geo/query/acc.cgi?acc=GSE114919
mouse	LUM	Lum	ENSMUSG00000036446	17022	10340	1wT_HZ4	1wT_HZ4	tibia	1	HZ	4	9.05008661773317	yes	GSE114919	https://www.ncbi.nlm.nih.gov/geo/query/acc.cgi?acc=GSE114919
mouse	LUM	Lum	ENSMUSG00000036446	17022	10340	1wT_HZ5	1wT_HZ5	tibia	1	HZ	5	10.3320895148689	yes	GSE114919	https://www.ncbi.nlm.nih.gov/geo/query/acc.cgi?acc=GSE114919
mouse	LUM	Lum	ENSMUSG00000036446	17022	10340	4wT_HZ1	4wT_HZ1	tibia	4	HZ	1	11.0127021710394	yes	GSE114919	https://www.ncbi.nlm.nih.gov/geo/query/acc.cgi?acc=GSE114919
mouse	LUM	Lum	ENSMUSG00000036446	17022	10340	4wT_HZ2	4wT_HZ2	tibia	4	HZ	2	11.1991282338422	yes	GSE114919	https://www.ncbi.nlm.nih.gov/geo/query/acc.cgi?acc=GSE114919
mouse	LUM	Lum	ENSMUSG00000036446	17022	10340	4wT_HZ3	4wT_HZ3	tibia	4	HZ	3	11.0261571524851	yes	GSE114919	https://www.ncbi.nlm.nih.gov/geo/query/acc.cgi?acc=GSE114919
mouse	LUM	Lum	ENSMUSG00000036446	17022	10340	4wT_HZ4	4wT_HZ4	tibia	4	HZ	4	10.8018975054052	yes	GSE114919	https://www.ncbi.nlm.nih.gov/geo/query/acc.cgi?acc=GSE114919
mouse	LUM	Lum	ENSMUSG00000036446	17022	10340	4wT_HZ5	4wT_HZ5	tibia	4	HZ	5	11.3403658759431	yes	GSE114919	https://www.ncbi.nlm.nih.gov/geo/query/acc.cgi?acc=GSE114919
mouse	LUM	Lum	ENSMUSG00000036446	17022	10340	4wT_PZ1	4wT_PZ1	tibia	4	PZ	1	12.3305206913536	yes	GSE114919	https://www.ncbi.nlm.nih.gov/geo/query/acc.cgi?acc=GSE114919
mouse	LUM	Lum	ENSMUSG00000036446	17022	10340	4wT_PZ2	4wT_PZ2	tibia	4	PZ	2	12.178753175313	yes	GSE114919	https://www.ncbi.nlm.nih.gov/geo/query/acc.cgi?acc=GSE114919
mouse	LUM	Lum	ENSMUSG00000036446	17022	10340	4wT_PZ3	4wT_PZ3	tibia	4	PZ	3	12.4409059218139	yes	GSE114919	https://www.ncbi.nlm.nih.gov/geo/query/acc.cgi?acc=GSE114919
mouse	LUM	Lum	ENSMUSG00000036446	17022	10340	4wT_PZ4	4wT_PZ4	tibia	4	PZ	4	12.29413200782	yes	GSE114919	https://www.ncbi.nlm.nih.gov/geo/query/acc.cgi?acc=GSE114919
mouse	LUM	Lum	ENSMUSG00000036446	17022	10340	4wT_PZ5	4wT_PZ5	tibia	4	PZ	5	12.4512187122091	yes	GSE114919	https://www.ncbi.nlm.nih.gov/geo/query/acc.cgi?acc=GSE114919
mouse	LUM	Lum	ENSMUSG00000036446	17022	10340	1wP_PZ1	1wP_PZ1	phalanx	1	PZ	1	10.9322586896698	yes	GSE114919	https://www.ncbi.nlm.nih.gov/geo/query/acc.cgi?acc=GSE114919
mouse	LUM	Lum	ENSMUSG00000036446	17022	10340	1wP_PZ2	1wP_PZ2	phalanx	1	PZ	2	11.0998937806644	yes	GSE114919	https://www.ncbi.nlm.nih.gov/geo/query/acc.cgi?acc=GSE114919
mouse	LUM	Lum	ENSMUSG00000036446	17022	10340	1wP_PZ4	1wP_PZ4	phalanx	1	PZ	4	11.2175749942887	yes	GSE114919	https://www.ncbi.nlm.nih.gov/geo/query/acc.cgi?acc=GSE114919
mouse	LUM	Lum	ENSMUSG00000036446	17022	10340	1wP_PZ5	1wP_PZ5	phalanx	1	PZ	5	10.9124620325603	yes	GSE114919	https://www.ncbi.nlm.nih.gov/geo/query/acc.cgi?acc=GSE114919
mouse	LUM	Lum	ENSMUSG00000036446	17022	10340	1wT_PZ1	1wT_PZ1	tibia	1	PZ	1	11.2236758425056	yes	GSE114919	https://www.ncbi.nlm.nih.gov/geo/query/acc.cgi?acc=GSE114919
mouse	LUM	Lum	ENSMUSG00000036446	17022	10340	1wT_PZ2	1wT_PZ2	tibia	1	PZ	2	11.5603747763332	yes	GSE114919	https://www.ncbi.nlm.nih.gov/geo/query/acc.cgi?acc=GSE114919
mouse	LUM	Lum	ENSMUSG00000036446	17022	10340	1wT_PZ3	1wT_PZ3	tibia	1	PZ	3	11.5270215455022	yes	GSE114919	https://www.ncbi.nlm.nih.gov/geo/query/acc.cgi?acc=GSE114919
mouse	LUM	Lum	ENSMUSG00000036446	17022	10340	1wT_PZ4	1wT_PZ4	tibia	1	PZ	4	11.4546797598198	yes	GSE114919	https://www.ncbi.nlm.nih.gov/geo/query/acc.cgi?acc=GSE114919
mouse	LUM	Lum	ENSMUSG00000036446	17022	10340	1wT_PZ5	1wT_PZ5	tibia	1	PZ	5	11.8453768558947	yes	GSE114919	https://www.ncbi.nlm.nih.gov/geo/query/acc.cgi?acc=GSE114919
mouse	OGN	Ogn	ENSMUSG00000021390	18295	12853	1wPh_HZ1	1wPh_HZ1	phalanx	1	HZ	1	7.70201069381285	yes	GSE114919	https://www.ncbi.nlm.nih.gov/geo/query/acc.cgi?acc=GSE114919
mouse	OGN	Ogn	ENSMUSG00000021390	18295	12853	1wPh_HZ2	1wPh_HZ2	phalanx	1	HZ	2	8.23053863089746	yes	GSE114919	https://www.ncbi.nlm.nih.gov/geo/query/acc.cgi?acc=GSE114919
mouse	OGN	Ogn	ENSMUSG00000021390	18295	12853	1wPh_HZ3	1wPh_HZ3	phalanx	1	HZ	3	8.43870634643127	yes	GSE114919	https://www.ncbi.nlm.nih.gov/geo/query/acc.cgi?acc=GSE114919
mouse	OGN	Ogn	ENSMUSG00000021390	18295	12853	1wPh_HZ4	1wPh_HZ4	phalanx	1	HZ	4	6.57712538636114	yes	GSE114919	https://www.ncbi.nlm.nih.gov/geo/query/acc.cgi?acc=GSE114919
mouse	OGN	Ogn	ENSMUSG00000021390	18295	12853	1wPh_HZ5	1wPh_HZ5	phalanx	1	HZ	5	7.68873964047784	yes	GSE114919	https://www.ncbi.nlm.nih.gov/geo/query/acc.cgi?acc=GSE114919
mouse	OGN	Ogn	ENSMUSG00000021390	18295	12853	1wT_HZ1	1wT_HZ1	tibia	1	HZ	1	6.55964181832478	yes	GSE114919	https://www.ncbi.nlm.nih.gov/geo/query/acc.cgi?acc=GSE114919
mouse	OGN	Ogn	ENSMUSG00000021390	18295	12853	1wT_HZ2	1wT_HZ2	tibia	1	HZ	2	6.96594537062208	yes	GSE114919	https://www.ncbi.nlm.nih.gov/geo/query/acc.cgi?acc=GSE114919
mouse	OGN	Ogn	ENSMUSG00000021390	18295	12853	1wT_HZ3	1wT_HZ3	tibia	1	HZ	3	6.46408614742826	yes	GSE114919	https://www.ncbi.nlm.nih.gov/geo/query/acc.cgi?acc=GSE114919
mouse	OGN	Ogn	ENSMUSG00000021390	18295	12853	1wT_HZ4	1wT_HZ4	tibia	1	HZ	4	7.63957803070067	yes	GSE114919	https://www.ncbi.nlm.nih.gov/geo/query/acc.cgi?acc=GSE114919
mouse	OGN	Ogn	ENSMUSG00000021390	18295	12853	1wT_HZ5	1wT_HZ5	tibia	1	HZ	5	5.86410063955567	yes	GSE114919	https://www.ncbi.nlm.nih.gov/geo/query/acc.cgi?acc=GSE114919
mouse	OGN	Ogn	ENSMUSG00000021390	18295	12853	4wT_HZ1	4wT_HZ1	tibia	4	HZ	1	7.70412335548254	yes	GSE114919	https://www.ncbi.nlm.nih.gov/geo/query/acc.cgi?acc=GSE114919
mouse	OGN	Ogn	ENSMUSG00000021390	18295	12853	4wT_HZ2	4wT_HZ2	tibia	4	HZ	2	6.22485806052693	yes	GSE114919	https://www.ncbi.nlm.nih.gov/geo/query/acc.cgi?acc=GSE114919
mouse	OGN	Ogn	ENSMUSG00000021390	18295	12853	4wT_HZ3	4wT_HZ3	tibia	4	HZ	3	7.14254853945534	yes	GSE114919	https://www.ncbi.nlm.nih.gov/geo/query/acc.cgi?acc=GSE114919
mouse	OGN	Ogn	ENSMUSG00000021390	18295	12853	4wT_HZ4	4wT_HZ4	tibia	4	HZ	4	5.75247407048877	yes	GSE114919	https://www.ncbi.nlm.nih.gov/geo/query/acc.cgi?acc=GSE114919
mouse	OGN	Ogn	ENSMUSG00000021390	18295	12853	4wT_HZ5	4wT_HZ5	tibia	4	HZ	5	5.9389980462312	yes	GSE114919	https://www.ncbi.nlm.nih.gov/geo/query/acc.cgi?acc=GSE114919
mouse	OGN	Ogn	ENSMUSG00000021390	18295	12853	4wT_PZ1	4wT_PZ1	tibia	4	PZ	1	8.50323977822911	yes	GSE114919	https://www.ncbi.nlm.nih.gov/geo/query/acc.cgi?acc=GSE114919
mouse	OGN	Ogn	ENSMUSG00000021390	18295	12853	4wT_PZ2	4wT_PZ2	tibia	4	PZ	2	8.56870248810893	yes	GSE114919	https://www.ncbi.nlm.nih.gov/geo/query/acc.cgi?acc=GSE114919
mouse	OGN	Ogn	ENSMUSG00000021390	18295	12853	4wT_PZ3	4wT_PZ3	tibia	4	PZ	3	9.01576249419123	yes	GSE114919	https://www.ncbi.nlm.nih.gov/geo/query/acc.cgi?acc=GSE114919
mouse	OGN	Ogn	ENSMUSG00000021390	18295	12853	4wT_PZ4	4wT_PZ4	tibia	4	PZ	4	8.83201825892148	yes	GSE114919	https://www.ncbi.nlm.nih.gov/geo/query/acc.cgi?acc=GSE114919
mouse	OGN	Ogn	ENSMUSG00000021390	18295	12853	4wT_PZ5	4wT_PZ5	tibia	4	PZ	5	8.63384453664233	yes	GSE114919	https://www.ncbi.nlm.nih.gov/geo/query/acc.cgi?acc=GSE114919
mouse	OGN	Ogn	ENSMUSG00000021390	18295	12853	1wP_PZ1	1wP_PZ1	phalanx	1	PZ	1	8.59097055085399	yes	GSE114919	https://www.ncbi.nlm.nih.gov/geo/query/acc.cgi?acc=GSE114919
mouse	OGN	Ogn	ENSMUSG00000021390	18295	12853	1wP_PZ2	1wP_PZ2	phalanx	1	PZ	2	8.84209714734546	yes	GSE114919	https://www.ncbi.nlm.nih.gov/geo/query/acc.cgi?acc=GSE114919
mouse	OGN	Ogn	ENSMUSG00000021390	18295	12853	1wP_PZ4	1wP_PZ4	phalanx	1	PZ	4	8.61536991487504	yes	GSE114919	https://www.ncbi.nlm.nih.gov/geo/query/acc.cgi?acc=GSE114919
mouse	OGN	Ogn	ENSMUSG00000021390	18295	12853	1wP_PZ5	1wP_PZ5	phalanx	1	PZ	5	8.19120051372641	yes	GSE114919	https://www.ncbi.nlm.nih.gov/geo/query/acc.cgi?acc=GSE114919
mouse	OGN	Ogn	ENSMUSG00000021390	18295	12853	1wT_PZ1	1wT_PZ1	tibia	1	PZ	1	7.64273593340904	yes	GSE114919	https://www.ncbi.nlm.nih.gov/geo/query/acc.cgi?acc=GSE114919
mouse	OGN	Ogn	ENSMUSG00000021390	18295	12853	1wT_PZ2	1wT_PZ2	tibia	1	PZ	2	7.59344318419534	yes	GSE114919	https://www.ncbi.nlm.nih.gov/geo/query/acc.cgi?acc=GSE114919
mouse	OGN	Ogn	ENSMUSG00000021390	18295	12853	1wT_PZ3	1wT_PZ3	tibia	1	PZ	3	7.3225395188592	yes	GSE114919	https://www.ncbi.nlm.nih.gov/geo/query/acc.cgi?acc=GSE114919
mouse	OGN	Ogn	ENSMUSG00000021390	18295	12853	1wT_PZ4	1wT_PZ4	tibia	1	PZ	4	7.2328344786389	yes	GSE114919	https://www.ncbi.nlm.nih.gov/geo/query/acc.cgi?acc=GSE114919
mouse	OGN	Ogn	ENSMUSG00000021390	18295	12853	1wT_PZ5	1wT_PZ5	tibia	1	PZ	5	8.35314513615362	yes	GSE114919	https://www.ncbi.nlm.nih.gov/geo/query/acc.cgi?acc=GSE114919
mouse	OMD	Omd	ENSMUSG00000048368	27047	13042	1wPh_HZ1	1wPh_HZ1	phalanx	1	HZ	1	7.60860947569236	yes	GSE114919	https://www.ncbi.nlm.nih.gov/geo/query/acc.cgi?acc=GSE114919
mouse	OMD	Omd	ENSMUSG00000048368	27047	13042	1wPh_HZ2	1wPh_HZ2	phalanx	1	HZ	2	7.00592148271966	yes	GSE114919	https://www.ncbi.nlm.nih.gov/geo/query/acc.cgi?acc=GSE114919
mouse	OMD	Omd	ENSMUSG00000048368	27047	13042	1wPh_HZ3	1wPh_HZ3	phalanx	1	HZ	3	7.4497051355049	yes	GSE114919	https://www.ncbi.nlm.nih.gov/geo/query/acc.cgi?acc=GSE114919
mouse	OMD	Omd	ENSMUSG00000048368	27047	13042	1wPh_HZ4	1wPh_HZ4	phalanx	1	HZ	4	6.50199305510669	yes	GSE114919	https://www.ncbi.nlm.nih.gov/geo/query/acc.cgi?acc=GSE114919
mouse	OMD	Omd	ENSMUSG00000048368	27047	13042	1wPh_HZ5	1wPh_HZ5	phalanx	1	HZ	5	7.80253945467228	yes	GSE114919	https://www.ncbi.nlm.nih.gov/geo/query/acc.cgi?acc=GSE114919
mouse	OMD	Omd	ENSMUSG00000048368	27047	13042	1wT_HZ1	1wT_HZ1	tibia	1	HZ	1	6.51827140071265	yes	GSE114919	https://www.ncbi.nlm.nih.gov/geo/query/acc.cgi?acc=GSE114919
mouse	OMD	Omd	ENSMUSG00000048368	27047	13042	1wT_HZ2	1wT_HZ2	tibia	1	HZ	2	5.02217285108234	yes	GSE114919	https://www.ncbi.nlm.nih.gov/geo/query/acc.cgi?acc=GSE114919
mouse	OMD	Omd	ENSMUSG00000048368	27047	13042	1wT_HZ3	1wT_HZ3	tibia	1	HZ	3	5.75033888887408	yes	GSE114919	https://www.ncbi.nlm.nih.gov/geo/query/acc.cgi?acc=GSE114919
mouse	OMD	Omd	ENSMUSG00000048368	27047	13042	1wT_HZ4	1wT_HZ4	tibia	1	HZ	4	3.3851535798807	yes	GSE114919	https://www.ncbi.nlm.nih.gov/geo/query/acc.cgi?acc=GSE114919
mouse	OMD	Omd	ENSMUSG00000048368	27047	13042	1wT_HZ5	1wT_HZ5	tibia	1	HZ	5	6.10129311855671	yes	GSE114919	https://www.ncbi.nlm.nih.gov/geo/query/acc.cgi?acc=GSE114919
mouse	OMD	Omd	ENSMUSG00000048368	27047	13042	4wT_HZ1	4wT_HZ1	tibia	4	HZ	1	8.83031989424569	yes	GSE114919	https://www.ncbi.nlm.nih.gov/geo/query/acc.cgi?acc=GSE114919
mouse	OMD	Omd	ENSMUSG00000048368	27047	13042	4wT_HZ2	4wT_HZ2	tibia	4	HZ	2	6.81104315976333	yes	GSE114919	https://www.ncbi.nlm.nih.gov/geo/query/acc.cgi?acc=GSE114919
mouse	OMD	Omd	ENSMUSG00000048368	27047	13042	4wT_HZ3	4wT_HZ3	tibia	4	HZ	3	5.94441732252114	yes	GSE114919	https://www.ncbi.nlm.nih.gov/geo/query/acc.cgi?acc=GSE114919
mouse	OMD	Omd	ENSMUSG00000048368	27047	13042	4wT_HZ4	4wT_HZ4	tibia	4	HZ	4	6.34162056071636	yes	GSE114919	https://www.ncbi.nlm.nih.gov/geo/query/acc.cgi?acc=GSE114919
mouse	OMD	Omd	ENSMUSG00000048368	27047	13042	4wT_HZ5	4wT_HZ5	tibia	4	HZ	5	7.5081976106021	yes	GSE114919	https://www.ncbi.nlm.nih.gov/geo/query/acc.cgi?acc=GSE114919
mouse	OMD	Omd	ENSMUSG00000048368	27047	13042	4wT_PZ1	4wT_PZ1	tibia	4	PZ	1	8.87651252155314	yes	GSE114919	https://www.ncbi.nlm.nih.gov/geo/query/acc.cgi?acc=GSE114919
mouse	OMD	Omd	ENSMUSG00000048368	27047	13042	4wT_PZ2	4wT_PZ2	tibia	4	PZ	2	8.78511608343858	yes	GSE114919	https://www.ncbi.nlm.nih.gov/geo/query/acc.cgi?acc=GSE114919
mouse	OMD	Omd	ENSMUSG00000048368	27047	13042	4wT_PZ3	4wT_PZ3	tibia	4	PZ	3	9.52312901899233	yes	GSE114919	https://www.ncbi.nlm.nih.gov/geo/query/acc.cgi?acc=GSE114919
mouse	OMD	Omd	ENSMUSG00000048368	27047	13042	4wT_PZ4	4wT_PZ4	tibia	4	PZ	4	9.00766318222797	yes	GSE114919	https://www.ncbi.nlm.nih.gov/geo/query/acc.cgi?acc=GSE114919
mouse	OMD	Omd	ENSMUSG00000048368	27047	13042	4wT_PZ5	4wT_PZ5	tibia	4	PZ	5	8.90293749015628	yes	GSE114919	https://www.ncbi.nlm.nih.gov/geo/query/acc.cgi?acc=GSE114919
mouse	OMD	Omd	ENSMUSG00000048368	27047	13042	1wP_PZ1	1wP_PZ1	phalanx	1	PZ	1	9.97953946686976	yes	GSE114919	https://www.ncbi.nlm.nih.gov/geo/query/acc.cgi?acc=GSE114919
mouse	OMD	Omd	ENSMUSG00000048368	27047	13042	1wP_PZ2	1wP_PZ2	phalanx	1	PZ	2	8.87290988668608	yes	GSE114919	https://www.ncbi.nlm.nih.gov/geo/query/acc.cgi?acc=GSE114919
mouse	OMD	Omd	ENSMUSG00000048368	27047	13042	1wP_PZ4	1wP_PZ4	phalanx	1	PZ	4	8.65065513970914	yes	GSE114919	https://www.ncbi.nlm.nih.gov/geo/query/acc.cgi?acc=GSE114919
mouse	OMD	Omd	ENSMUSG00000048368	27047	13042	1wP_PZ5	1wP_PZ5	phalanx	1	PZ	5	8.96049063049266	yes	GSE114919	https://www.ncbi.nlm.nih.gov/geo/query/acc.cgi?acc=GSE114919
mouse	OMD	Omd	ENSMUSG00000048368	27047	13042	1wT_PZ1	1wT_PZ1	tibia	1	PZ	1	7.54594230081006	yes	GSE114919	https://www.ncbi.nlm.nih.gov/geo/query/acc.cgi?acc=GSE114919
mouse	OMD	Omd	ENSMUSG00000048368	27047	13042	1wT_PZ2	1wT_PZ2	tibia	1	PZ	2	7.32785763582851	yes	GSE114919	https://www.ncbi.nlm.nih.gov/geo/query/acc.cgi?acc=GSE114919
mouse	OMD	Omd	ENSMUSG00000048368	27047	13042	1wT_PZ3	1wT_PZ3	tibia	1	PZ	3	7.10985607699638	yes	GSE114919	https://www.ncbi.nlm.nih.gov/geo/query/acc.cgi?acc=GSE114919
mouse	OMD	Omd	ENSMUSG00000048368	27047	13042	1wT_PZ4	1wT_PZ4	tibia	1	PZ	4	7.44012939494628	yes	GSE114919	https://www.ncbi.nlm.nih.gov/geo/query/acc.cgi?acc=GSE114919
mouse	OMD	Omd	ENSMUSG00000048368	27047	13042	1wT_PZ5	1wT_PZ5	tibia	1	PZ	5	8.20748286002307	yes	GSE114919	https://www.ncbi.nlm.nih.gov/geo/query/acc.cgi?acc=GSE114919
mouse	PRELP	Prelp	ENSMUSG00000041577	116847	14284	1wPh_HZ1	1wPh_HZ1	phalanx	1	HZ	1	10.5707416611394	yes	GSE114919	https://www.ncbi.nlm.nih.gov/geo/query/acc.cgi?acc=GSE114919
mouse	PRELP	Prelp	ENSMUSG00000041577	116847	14284	1wPh_HZ2	1wPh_HZ2	phalanx	1	HZ	2	8.84240545138377	yes	GSE114919	https://www.ncbi.nlm.nih.gov/geo/query/acc.cgi?acc=GSE114919
mouse	PRELP	Prelp	ENSMUSG00000041577	116847	14284	1wPh_HZ3	1wPh_HZ3	phalanx	1	HZ	3	9.00146402567581	yes	GSE114919	https://www.ncbi.nlm.nih.gov/geo/query/acc.cgi?acc=GSE114919
mouse	PRELP	Prelp	ENSMUSG00000041577	116847	14284	1wPh_HZ4	1wPh_HZ4	phalanx	1	HZ	4	10.0427735158009	yes	GSE114919	https://www.ncbi.nlm.nih.gov/geo/query/acc.cgi?acc=GSE114919
mouse	PRELP	Prelp	ENSMUSG00000041577	116847	14284	1wPh_HZ5	1wPh_HZ5	phalanx	1	HZ	5	14.8289059277076	yes	GSE114919	https://www.ncbi.nlm.nih.gov/geo/query/acc.cgi?acc=GSE114919
mouse	PRELP	Prelp	ENSMUSG00000041577	116847	14284	1wT_HZ1	1wT_HZ1	tibia	1	HZ	1	11.8130586357836	yes	GSE114919	https://www.ncbi.nlm.nih.gov/geo/query/acc.cgi?acc=GSE114919
mouse	PRELP	Prelp	ENSMUSG00000041577	116847	14284	1wT_HZ2	1wT_HZ2	tibia	1	HZ	2	9.23685972555843	yes	GSE114919	https://www.ncbi.nlm.nih.gov/geo/query/acc.cgi?acc=GSE114919
mouse	PRELP	Prelp	ENSMUSG00000041577	116847	14284	1wT_HZ3	1wT_HZ3	tibia	1	HZ	3	12.3711730682016	yes	GSE114919	https://www.ncbi.nlm.nih.gov/geo/query/acc.cgi?acc=GSE114919
mouse	PRELP	Prelp	ENSMUSG00000041577	116847	14284	1wT_HZ4	1wT_HZ4	tibia	1	HZ	4	10.8369861888533	yes	GSE114919	https://www.ncbi.nlm.nih.gov/geo/query/acc.cgi?acc=GSE114919
mouse	PRELP	Prelp	ENSMUSG00000041577	116847	14284	1wT_HZ5	1wT_HZ5	tibia	1	HZ	5	10.4058885087684	yes	GSE114919	https://www.ncbi.nlm.nih.gov/geo/query/acc.cgi?acc=GSE114919
mouse	PRELP	Prelp	ENSMUSG00000041577	116847	14284	4wT_HZ1	4wT_HZ1	tibia	4	HZ	1	11.1849233715682	yes	GSE114919	https://www.ncbi.nlm.nih.gov/geo/query/acc.cgi?acc=GSE114919
mouse	PRELP	Prelp	ENSMUSG00000041577	116847	14284	4wT_HZ2	4wT_HZ2	tibia	4	HZ	2	9.94619294792846	yes	GSE114919	https://www.ncbi.nlm.nih.gov/geo/query/acc.cgi?acc=GSE114919
mouse	PRELP	Prelp	ENSMUSG00000041577	116847	14284	4wT_HZ3	4wT_HZ3	tibia	4	HZ	3	11.4473500614425	yes	GSE114919	https://www.ncbi.nlm.nih.gov/geo/query/acc.cgi?acc=GSE114919
mouse	PRELP	Prelp	ENSMUSG00000041577	116847	14284	4wT_HZ4	4wT_HZ4	tibia	4	HZ	4	12.4319307599844	yes	GSE114919	https://www.ncbi.nlm.nih.gov/geo/query/acc.cgi?acc=GSE114919
mouse	PRELP	Prelp	ENSMUSG00000041577	116847	14284	4wT_HZ5	4wT_HZ5	tibia	4	HZ	5	11.6433065634763	yes	GSE114919	https://www.ncbi.nlm.nih.gov/geo/query/acc.cgi?acc=GSE114919
mouse	PRELP	Prelp	ENSMUSG00000041577	116847	14284	4wT_PZ1	4wT_PZ1	tibia	4	PZ	1	16.5343832202274	yes	GSE114919	https://www.ncbi.nlm.nih.gov/geo/query/acc.cgi?acc=GSE114919
mouse	PRELP	Prelp	ENSMUSG00000041577	116847	14284	4wT_PZ2	4wT_PZ2	tibia	4	PZ	2	16.7931962480079	yes	GSE114919	https://www.ncbi.nlm.nih.gov/geo/query/acc.cgi?acc=GSE114919
mouse	PRELP	Prelp	ENSMUSG00000041577	116847	14284	4wT_PZ3	4wT_PZ3	tibia	4	PZ	3	16.8709199604575	yes	GSE114919	https://www.ncbi.nlm.nih.gov/geo/query/acc.cgi?acc=GSE114919
mouse	PRELP	Prelp	ENSMUSG00000041577	116847	14284	4wT_PZ4	4wT_PZ4	tibia	4	PZ	4	17.0623398808509	yes	GSE114919	https://www.ncbi.nlm.nih.gov/geo/query/acc.cgi?acc=GSE114919
mouse	PRELP	Prelp	ENSMUSG00000041577	116847	14284	4wT_PZ5	4wT_PZ5	tibia	4	PZ	5	17.1321874193051	yes	GSE114919	https://www.ncbi.nlm.nih.gov/geo/query/acc.cgi?acc=GSE114919
mouse	PRELP	Prelp	ENSMUSG00000041577	116847	14284	1wP_PZ1	1wP_PZ1	phalanx	1	PZ	1	15.6922597141164	yes	GSE114919	https://www.ncbi.nlm.nih.gov/geo/query/acc.cgi?acc=GSE114919
mouse	PRELP	Prelp	ENSMUSG00000041577	116847	14284	1wP_PZ2	1wP_PZ2	phalanx	1	PZ	2	15.475432044189	yes	GSE114919	https://www.ncbi.nlm.nih.gov/geo/query/acc.cgi?acc=GSE114919
mouse	PRELP	Prelp	ENSMUSG00000041577	116847	14284	1wP_PZ4	1wP_PZ4	phalanx	1	PZ	4	15.4449230165104	yes	GSE114919	https://www.ncbi.nlm.nih.gov/geo/query/acc.cgi?acc=GSE114919
mouse	PRELP	Prelp	ENSMUSG00000041577	116847	14284	1wP_PZ5	1wP_PZ5	phalanx	1	PZ	5	15.8509347093555	yes	GSE114919	https://www.ncbi.nlm.nih.gov/geo/query/acc.cgi?acc=GSE114919
mouse	PRELP	Prelp	ENSMUSG00000041577	116847	14284	1wT_PZ1	1wT_PZ1	tibia	1	PZ	1	16.3769277118682	yes	GSE114919	https://www.ncbi.nlm.nih.gov/geo/query/acc.cgi?acc=GSE114919
mouse	PRELP	Prelp	ENSMUSG00000041577	116847	14284	1wT_PZ2	1wT_PZ2	tibia	1	PZ	2	16.2816658176289	yes	GSE114919	https://www.ncbi.nlm.nih.gov/geo/query/acc.cgi?acc=GSE114919
mouse	PRELP	Prelp	ENSMUSG00000041577	116847	14284	1wT_PZ3	1wT_PZ3	tibia	1	PZ	3	16.3012538149588	yes	GSE114919	https://www.ncbi.nlm.nih.gov/geo/query/acc.cgi?acc=GSE114919
mouse	PRELP	Prelp	ENSMUSG00000041577	116847	14284	1wT_PZ4	1wT_PZ4	tibia	1	PZ	4	16.0343040874398	yes	GSE114919	https://www.ncbi.nlm.nih.gov/geo/query/acc.cgi?acc=GSE114919
mouse	PRELP	Prelp	ENSMUSG00000041577	116847	14284	1wT_PZ5	1wT_PZ5	tibia	1	PZ	5	16.2470621015733	yes	GSE114919	https://www.ncbi.nlm.nih.gov/geo/query/acc.cgi?acc=GSE114919
rat	EPYC	EPYC	ENSRNOG00000004717	314772	6800	JL-1891-26_S26	Ph1wk HZ1	phalanx	1	HZ	1	9.77198817895524	yes	GSE114919	https://www.ncbi.nlm.nih.gov/geo/query/acc.cgi?acc=GSE114919
rat	EPYC	EPYC	ENSRNOG00000004717	314772	6800	JL-1891-27_S27	Ph1wk HZ2	phalanx	1	HZ	2	11.4566572165538	yes	GSE114919	https://www.ncbi.nlm.nih.gov/geo/query/acc.cgi?acc=GSE114919
rat	EPYC	EPYC	ENSRNOG00000004717	314772	6800	JL-1891-28_S28	Ph1wk HZ3	phalanx	1	HZ	3	10.797520576956	yes	GSE114919	https://www.ncbi.nlm.nih.gov/geo/query/acc.cgi?acc=GSE114919
rat	EPYC	EPYC	ENSRNOG00000004717	314772	6800	JL-1891-29_S29	Ph1wk HZ4	phalanx	1	HZ	4	10.827871085233	yes	GSE114919	https://www.ncbi.nlm.nih.gov/geo/query/acc.cgi?acc=GSE114919
rat	EPYC	EPYC	ENSRNOG00000004717	314772	6800	JL-1891-30_S30	Ph1wk HZ5	phalanx	1	HZ	5	10.6503872581129	yes	GSE114919	https://www.ncbi.nlm.nih.gov/geo/query/acc.cgi?acc=GSE114919
rat	EPYC	EPYC	ENSRNOG00000004717	314772	6800	JL-1891-10_S10	T1wk HZ5	tibia	1	HZ	5	10.6205065303442	yes	GSE114919	https://www.ncbi.nlm.nih.gov/geo/query/acc.cgi?acc=GSE114919
rat	EPYC	EPYC	ENSRNOG00000004717	314772	6800	JL-1891-6_S6	T1wk HZ1	tibia	1	HZ	1	9.56437238663612	yes	GSE114919	https://www.ncbi.nlm.nih.gov/geo/query/acc.cgi?acc=GSE114919
rat	EPYC	EPYC	ENSRNOG00000004717	314772	6800	JL-1891-7_S7	T1wk HZ2	tibia	1	HZ	2	11.1450439343458	yes	GSE114919	https://www.ncbi.nlm.nih.gov/geo/query/acc.cgi?acc=GSE114919
rat	EPYC	EPYC	ENSRNOG00000004717	314772	6800	JL-1891-8_S8	T1wk HZ3	tibia	1	HZ	3	10.6900704200917	yes	GSE114919	https://www.ncbi.nlm.nih.gov/geo/query/acc.cgi?acc=GSE114919
rat	EPYC	EPYC	ENSRNOG00000004717	314772	6800	JL-1891-9_S9	T1wk HZ4	tibia	1	HZ	4	9.82884577242726	yes	GSE114919	https://www.ncbi.nlm.nih.gov/geo/query/acc.cgi?acc=GSE114919
rat	EPYC	EPYC	ENSRNOG00000004717	314772	6800	JL-1891-16_S16	T4wk HZ1	tibia	4	HZ	1	8.42942686654177	yes	GSE114919	https://www.ncbi.nlm.nih.gov/geo/query/acc.cgi?acc=GSE114919
rat	EPYC	EPYC	ENSRNOG00000004717	314772	6800	JL-1891-17_S17	T4wk HZ2	tibia	4	HZ	2	8.66200453951495	yes	GSE114919	https://www.ncbi.nlm.nih.gov/geo/query/acc.cgi?acc=GSE114919
rat	EPYC	EPYC	ENSRNOG00000004717	314772	6800	JL-1891-18_S18	T4wk HZ3	tibia	4	HZ	3	9.91769455770833	yes	GSE114919	https://www.ncbi.nlm.nih.gov/geo/query/acc.cgi?acc=GSE114919
rat	EPYC	EPYC	ENSRNOG00000004717	314772	6800	JL-1891-19_S19	T4wk HZ4	tibia	4	HZ	4	9.0013901875828	yes	GSE114919	https://www.ncbi.nlm.nih.gov/geo/query/acc.cgi?acc=GSE114919
rat	EPYC	EPYC	ENSRNOG00000004717	314772	6800	JL-1891-20_S20	T4wk HZ5	tibia	4	HZ	5	8.2896469760015	yes	GSE114919	https://www.ncbi.nlm.nih.gov/geo/query/acc.cgi?acc=GSE114919
rat	EPYC	EPYC	ENSRNOG00000004717	314772	6800	JL-1891-21_S21	Ph1wk PZ1	phalanx	1	PZ	1	12.2568652273075	yes	GSE114919	https://www.ncbi.nlm.nih.gov/geo/query/acc.cgi?acc=GSE114919
rat	EPYC	EPYC	ENSRNOG00000004717	314772	6800	JL-1891-22_S22	Ph1wk PZ2	phalanx	1	PZ	2	12.3933111889865	yes	GSE114919	https://www.ncbi.nlm.nih.gov/geo/query/acc.cgi?acc=GSE114919
rat	EPYC	EPYC	ENSRNOG00000004717	314772	6800	JL-1891-23_S23	Ph1wk PZ3	phalanx	1	PZ	3	12.118229321723	yes	GSE114919	https://www.ncbi.nlm.nih.gov/geo/query/acc.cgi?acc=GSE114919
rat	EPYC	EPYC	ENSRNOG00000004717	314772	6800	JL-1891-24_S24	Ph1wk PZ4	phalanx	1	PZ	4	12.5931876330981	yes	GSE114919	https://www.ncbi.nlm.nih.gov/geo/query/acc.cgi?acc=GSE114919
rat	EPYC	EPYC	ENSRNOG00000004717	314772	6800	JL-1891-25_S25	Ph1wk PZ5	phalanx	1	PZ	5	13.0590257614381	yes	GSE114919	https://www.ncbi.nlm.nih.gov/geo/query/acc.cgi?acc=GSE114919
rat	EPYC	EPYC	ENSRNOG00000004717	314772	6800	JL-1891-1_S1	T1wk PZ1	tibia	1	PZ	1	12.9389134115752	yes	GSE114919	https://www.ncbi.nlm.nih.gov/geo/query/acc.cgi?acc=GSE114919
rat	EPYC	EPYC	ENSRNOG00000004717	314772	6800	JL-1891-2_S2	T1wk PZ2	tibia	1	PZ	2	12.7842506911501	yes	GSE114919	https://www.ncbi.nlm.nih.gov/geo/query/acc.cgi?acc=GSE114919
rat	EPYC	EPYC	ENSRNOG00000004717	314772	6800	JL-1891-3_S3	T1wk PZ3	tibia	1	PZ	3	12.8127906020846	yes	GSE114919	https://www.ncbi.nlm.nih.gov/geo/query/acc.cgi?acc=GSE114919
rat	EPYC	EPYC	ENSRNOG00000004717	314772	6800	JL-1891-4_S4	T1wk PZ4	tibia	1	PZ	4	12.7545872433529	yes	GSE114919	https://www.ncbi.nlm.nih.gov/geo/query/acc.cgi?acc=GSE114919
rat	EPYC	EPYC	ENSRNOG00000004717	314772	6800	JL-1891-5_S5	T1wk PZ5	tibia	1	PZ	5	13.1563166738225	yes	GSE114919	https://www.ncbi.nlm.nih.gov/geo/query/acc.cgi?acc=GSE114919
rat	EPYC	EPYC	ENSRNOG00000004717	314772	6800	JL-1891-11_S11	T4wk PZ1	tibia	4	PZ	1	10.194350278961	yes	GSE114919	https://www.ncbi.nlm.nih.gov/geo/query/acc.cgi?acc=GSE114919
rat	EPYC	EPYC	ENSRNOG00000004717	314772	6800	JL-1891-12_S12	T4wk PZ2	tibia	4	PZ	2	10.6542188296109	yes	GSE114919	https://www.ncbi.nlm.nih.gov/geo/query/acc.cgi?acc=GSE114919
rat	EPYC	EPYC	ENSRNOG00000004717	314772	6800	JL-1891-13_S13	T4wk PZ3	tibia	4	PZ	3	10.1625186774419	yes	GSE114919	https://www.ncbi.nlm.nih.gov/geo/query/acc.cgi?acc=GSE114919
rat	EPYC	EPYC	ENSRNOG00000004717	314772	6800	JL-1891-14_S14	T4wk PZ4	tibia	4	PZ	4	9.92336898330789	yes	GSE114919	https://www.ncbi.nlm.nih.gov/geo/query/acc.cgi?acc=GSE114919
rat	EPYC	EPYC	ENSRNOG00000004717	314772	6800	JL-1891-15_S15	T4wk PZ5	tibia	4	PZ	5	10.4584603787093	yes	GSE114919	https://www.ncbi.nlm.nih.gov/geo/query/acc.cgi?acc=GSE114919
rat	DCN	DCN	ENSRNOG00000004554	29139	7192	JL-1891-26_S26	Ph1wk HZ1	phalanx	1	HZ	1	10.2572442862066	yes	GSE114919	https://www.ncbi.nlm.nih.gov/geo/query/acc.cgi?acc=GSE114919
rat	DCN	DCN	ENSRNOG00000004554	29139	7192	JL-1891-27_S27	Ph1wk HZ2	phalanx	1	HZ	2	9.41776558356362	yes	GSE114919	https://www.ncbi.nlm.nih.gov/geo/query/acc.cgi?acc=GSE114919
rat	DCN	DCN	ENSRNOG00000004554	29139	7192	JL-1891-28_S28	Ph1wk HZ3	phalanx	1	HZ	3	10.8246756552433	yes	GSE114919	https://www.ncbi.nlm.nih.gov/geo/query/acc.cgi?acc=GSE114919
rat	DCN	DCN	ENSRNOG00000004554	29139	7192	JL-1891-29_S29	Ph1wk HZ4	phalanx	1	HZ	4	10.7976237784069	yes	GSE114919	https://www.ncbi.nlm.nih.gov/geo/query/acc.cgi?acc=GSE114919
rat	DCN	DCN	ENSRNOG00000004554	29139	7192	JL-1891-30_S30	Ph1wk HZ5	phalanx	1	HZ	5	10.3131970328144	yes	GSE114919	https://www.ncbi.nlm.nih.gov/geo/query/acc.cgi?acc=GSE114919
rat	DCN	DCN	ENSRNOG00000004554	29139	7192	JL-1891-10_S10	T1wk HZ5	tibia	1	HZ	5	8.68544246065516	yes	GSE114919	https://www.ncbi.nlm.nih.gov/geo/query/acc.cgi?acc=GSE114919
rat	DCN	DCN	ENSRNOG00000004554	29139	7192	JL-1891-6_S6	T1wk HZ1	tibia	1	HZ	1	7.58633086439219	yes	GSE114919	https://www.ncbi.nlm.nih.gov/geo/query/acc.cgi?acc=GSE114919
rat	DCN	DCN	ENSRNOG00000004554	29139	7192	JL-1891-7_S7	T1wk HZ2	tibia	1	HZ	2	8.19605109530355	yes	GSE114919	https://www.ncbi.nlm.nih.gov/geo/query/acc.cgi?acc=GSE114919
rat	DCN	DCN	ENSRNOG00000004554	29139	7192	JL-1891-8_S8	T1wk HZ3	tibia	1	HZ	3	8.59812228663773	yes	GSE114919	https://www.ncbi.nlm.nih.gov/geo/query/acc.cgi?acc=GSE114919
rat	DCN	DCN	ENSRNOG00000004554	29139	7192	JL-1891-9_S9	T1wk HZ4	tibia	1	HZ	4	8.71784758486705	yes	GSE114919	https://www.ncbi.nlm.nih.gov/geo/query/acc.cgi?acc=GSE114919
rat	DCN	DCN	ENSRNOG00000004554	29139	7192	JL-1891-16_S16	T4wk HZ1	tibia	4	HZ	1	10.6573816463964	yes	GSE114919	https://www.ncbi.nlm.nih.gov/geo/query/acc.cgi?acc=GSE114919
rat	DCN	DCN	ENSRNOG00000004554	29139	7192	JL-1891-17_S17	T4wk HZ2	tibia	4	HZ	2	9.9805456683005	yes	GSE114919	https://www.ncbi.nlm.nih.gov/geo/query/acc.cgi?acc=GSE114919
rat	DCN	DCN	ENSRNOG00000004554	29139	7192	JL-1891-18_S18	T4wk HZ3	tibia	4	HZ	3	8.31461999562654	yes	GSE114919	https://www.ncbi.nlm.nih.gov/geo/query/acc.cgi?acc=GSE114919
rat	DCN	DCN	ENSRNOG00000004554	29139	7192	JL-1891-19_S19	T4wk HZ4	tibia	4	HZ	4	9.8294286606564	yes	GSE114919	https://www.ncbi.nlm.nih.gov/geo/query/acc.cgi?acc=GSE114919
rat	DCN	DCN	ENSRNOG00000004554	29139	7192	JL-1891-20_S20	T4wk HZ5	tibia	4	HZ	5	8.31911791250903	yes	GSE114919	https://www.ncbi.nlm.nih.gov/geo/query/acc.cgi?acc=GSE114919
rat	DCN	DCN	ENSRNOG00000004554	29139	7192	JL-1891-21_S21	Ph1wk PZ1	phalanx	1	PZ	1	10.2670012335803	yes	GSE114919	https://www.ncbi.nlm.nih.gov/geo/query/acc.cgi?acc=GSE114919
rat	DCN	DCN	ENSRNOG00000004554	29139	7192	JL-1891-22_S22	Ph1wk PZ2	phalanx	1	PZ	2	10.4365250077904	yes	GSE114919	https://www.ncbi.nlm.nih.gov/geo/query/acc.cgi?acc=GSE114919
rat	DCN	DCN	ENSRNOG00000004554	29139	7192	JL-1891-23_S23	Ph1wk PZ3	phalanx	1	PZ	3	9.93692230520251	yes	GSE114919	https://www.ncbi.nlm.nih.gov/geo/query/acc.cgi?acc=GSE114919
rat	DCN	DCN	ENSRNOG00000004554	29139	7192	JL-1891-24_S24	Ph1wk PZ4	phalanx	1	PZ	4	10.4392047699346	yes	GSE114919	https://www.ncbi.nlm.nih.gov/geo/query/acc.cgi?acc=GSE114919
rat	DCN	DCN	ENSRNOG00000004554	29139	7192	JL-1891-25_S25	Ph1wk PZ5	phalanx	1	PZ	5	11.4689553143456	yes	GSE114919	https://www.ncbi.nlm.nih.gov/geo/query/acc.cgi?acc=GSE114919
rat	DCN	DCN	ENSRNOG00000004554	29139	7192	JL-1891-1_S1	T1wk PZ1	tibia	1	PZ	1	7.86329023974501	yes	GSE114919	https://www.ncbi.nlm.nih.gov/geo/query/acc.cgi?acc=GSE114919
rat	DCN	DCN	ENSRNOG00000004554	29139	7192	JL-1891-2_S2	T1wk PZ2	tibia	1	PZ	2	7.67890908238221	yes	GSE114919	https://www.ncbi.nlm.nih.gov/geo/query/acc.cgi?acc=GSE114919
rat	DCN	DCN	ENSRNOG00000004554	29139	7192	JL-1891-3_S3	T1wk PZ3	tibia	1	PZ	3	6.29220898358856	yes	GSE114919	https://www.ncbi.nlm.nih.gov/geo/query/acc.cgi?acc=GSE114919
rat	DCN	DCN	ENSRNOG00000004554	29139	7192	JL-1891-4_S4	T1wk PZ4	tibia	1	PZ	4	6.97920672747695	yes	GSE114919	https://www.ncbi.nlm.nih.gov/geo/query/acc.cgi?acc=GSE114919
rat	DCN	DCN	ENSRNOG00000004554	29139	7192	JL-1891-5_S5	T1wk PZ5	tibia	1	PZ	5	7.96298374005306	yes	GSE114919	https://www.ncbi.nlm.nih.gov/geo/query/acc.cgi?acc=GSE114919
rat	DCN	DCN	ENSRNOG00000004554	29139	7192	JL-1891-11_S11	T4wk PZ1	tibia	4	PZ	1	8.26087163487373	yes	GSE114919	https://www.ncbi.nlm.nih.gov/geo/query/acc.cgi?acc=GSE114919
rat	DCN	DCN	ENSRNOG00000004554	29139	7192	JL-1891-12_S12	T4wk PZ2	tibia	4	PZ	2	7.81126463902021	yes	GSE114919	https://www.ncbi.nlm.nih.gov/geo/query/acc.cgi?acc=GSE114919
rat	DCN	DCN	ENSRNOG00000004554	29139	7192	JL-1891-13_S13	T4wk PZ3	tibia	4	PZ	3	4.59595339755024	yes	GSE114919	https://www.ncbi.nlm.nih.gov/geo/query/acc.cgi?acc=GSE114919
rat	DCN	DCN	ENSRNOG00000004554	29139	7192	JL-1891-14_S14	T4wk PZ4	tibia	4	PZ	4	8.21478410043643	yes	GSE114919	https://www.ncbi.nlm.nih.gov/geo/query/acc.cgi?acc=GSE114919
rat	DCN	DCN	ENSRNOG00000004554	29139	7192	JL-1891-15_S15	T4wk PZ5	tibia	4	PZ	5	5.85855889488417	yes	GSE114919	https://www.ncbi.nlm.nih.gov/geo/query/acc.cgi?acc=GSE114919
rat	LUM	LUM	ENSRNOG00000004610	81682	7193	JL-1891-26_S26	Ph1wk HZ1	phalanx	1	HZ	1	13.339100116042	yes	GSE114919	https://www.ncbi.nlm.nih.gov/geo/query/acc.cgi?acc=GSE114919
rat	LUM	LUM	ENSRNOG00000004610	81682	7193	JL-1891-27_S27	Ph1wk HZ2	phalanx	1	HZ	2	13.5612219058202	yes	GSE114919	https://www.ncbi.nlm.nih.gov/geo/query/acc.cgi?acc=GSE114919
rat	LUM	LUM	ENSRNOG00000004610	81682	7193	JL-1891-28_S28	Ph1wk HZ3	phalanx	1	HZ	3	13.5904022318918	yes	GSE114919	https://www.ncbi.nlm.nih.gov/geo/query/acc.cgi?acc=GSE114919
rat	LUM	LUM	ENSRNOG00000004610	81682	7193	JL-1891-29_S29	Ph1wk HZ4	phalanx	1	HZ	4	13.7385897619364	yes	GSE114919	https://www.ncbi.nlm.nih.gov/geo/query/acc.cgi?acc=GSE114919
rat	LUM	LUM	ENSRNOG00000004610	81682	7193	JL-1891-30_S30	Ph1wk HZ5	phalanx	1	HZ	5	13.7049997393121	yes	GSE114919	https://www.ncbi.nlm.nih.gov/geo/query/acc.cgi?acc=GSE114919
rat	LUM	LUM	ENSRNOG00000004610	81682	7193	JL-1891-10_S10	T1wk HZ5	tibia	1	HZ	5	11.8019812852388	yes	GSE114919	https://www.ncbi.nlm.nih.gov/geo/query/acc.cgi?acc=GSE114919
rat	LUM	LUM	ENSRNOG00000004610	81682	7193	JL-1891-6_S6	T1wk HZ1	tibia	1	HZ	1	11.2536035342217	yes	GSE114919	https://www.ncbi.nlm.nih.gov/geo/query/acc.cgi?acc=GSE114919
rat	LUM	LUM	ENSRNOG00000004610	81682	7193	JL-1891-7_S7	T1wk HZ2	tibia	1	HZ	2	11.388572893175	yes	GSE114919	https://www.ncbi.nlm.nih.gov/geo/query/acc.cgi?acc=GSE114919
rat	LUM	LUM	ENSRNOG00000004610	81682	7193	JL-1891-8_S8	T1wk HZ3	tibia	1	HZ	3	11.2304878406326	yes	GSE114919	https://www.ncbi.nlm.nih.gov/geo/query/acc.cgi?acc=GSE114919
rat	LUM	LUM	ENSRNOG00000004610	81682	7193	JL-1891-9_S9	T1wk HZ4	tibia	1	HZ	4	11.8248269338959	yes	GSE114919	https://www.ncbi.nlm.nih.gov/geo/query/acc.cgi?acc=GSE114919
rat	LUM	LUM	ENSRNOG00000004610	81682	7193	JL-1891-16_S16	T4wk HZ1	tibia	4	HZ	1	12.3214253423982	yes	GSE114919	https://www.ncbi.nlm.nih.gov/geo/query/acc.cgi?acc=GSE114919
rat	LUM	LUM	ENSRNOG00000004610	81682	7193	JL-1891-17_S17	T4wk HZ2	tibia	4	HZ	2	11.9077273154114	yes	GSE114919	https://www.ncbi.nlm.nih.gov/geo/query/acc.cgi?acc=GSE114919
rat	LUM	LUM	ENSRNOG00000004610	81682	7193	JL-1891-18_S18	T4wk HZ3	tibia	4	HZ	3	10.4021328574577	yes	GSE114919	https://www.ncbi.nlm.nih.gov/geo/query/acc.cgi?acc=GSE114919
rat	LUM	LUM	ENSRNOG00000004610	81682	7193	JL-1891-19_S19	T4wk HZ4	tibia	4	HZ	4	11.5518135829885	yes	GSE114919	https://www.ncbi.nlm.nih.gov/geo/query/acc.cgi?acc=GSE114919
rat	LUM	LUM	ENSRNOG00000004610	81682	7193	JL-1891-20_S20	T4wk HZ5	tibia	4	HZ	5	11.2022566842999	yes	GSE114919	https://www.ncbi.nlm.nih.gov/geo/query/acc.cgi?acc=GSE114919
rat	LUM	LUM	ENSRNOG00000004610	81682	7193	JL-1891-21_S21	Ph1wk PZ1	phalanx	1	PZ	1	12.9924262842807	yes	GSE114919	https://www.ncbi.nlm.nih.gov/geo/query/acc.cgi?acc=GSE114919
rat	LUM	LUM	ENSRNOG00000004610	81682	7193	JL-1891-22_S22	Ph1wk PZ2	phalanx	1	PZ	2	12.9946536556054	yes	GSE114919	https://www.ncbi.nlm.nih.gov/geo/query/acc.cgi?acc=GSE114919
rat	LUM	LUM	ENSRNOG00000004610	81682	7193	JL-1891-23_S23	Ph1wk PZ3	phalanx	1	PZ	3	12.772417112806	yes	GSE114919	https://www.ncbi.nlm.nih.gov/geo/query/acc.cgi?acc=GSE114919
rat	LUM	LUM	ENSRNOG00000004610	81682	7193	JL-1891-24_S24	Ph1wk PZ4	phalanx	1	PZ	4	13.3376703084176	yes	GSE114919	https://www.ncbi.nlm.nih.gov/geo/query/acc.cgi?acc=GSE114919
rat	LUM	LUM	ENSRNOG00000004610	81682	7193	JL-1891-25_S25	Ph1wk PZ5	phalanx	1	PZ	5	13.9704280213743	yes	GSE114919	https://www.ncbi.nlm.nih.gov/geo/query/acc.cgi?acc=GSE114919
rat	LUM	LUM	ENSRNOG00000004610	81682	7193	JL-1891-1_S1	T1wk PZ1	tibia	1	PZ	1	12.2376097814555	yes	GSE114919	https://www.ncbi.nlm.nih.gov/geo/query/acc.cgi?acc=GSE114919
rat	LUM	LUM	ENSRNOG00000004610	81682	7193	JL-1891-2_S2	T1wk PZ2	tibia	1	PZ	2	12.2571087811258	yes	GSE114919	https://www.ncbi.nlm.nih.gov/geo/query/acc.cgi?acc=GSE114919
rat	LUM	LUM	ENSRNOG00000004610	81682	7193	JL-1891-3_S3	T1wk PZ3	tibia	1	PZ	3	12.0713645031102	yes	GSE114919	https://www.ncbi.nlm.nih.gov/geo/query/acc.cgi?acc=GSE114919
rat	LUM	LUM	ENSRNOG00000004610	81682	7193	JL-1891-4_S4	T1wk PZ4	tibia	1	PZ	4	12.1212520006791	yes	GSE114919	https://www.ncbi.nlm.nih.gov/geo/query/acc.cgi?acc=GSE114919
rat	LUM	LUM	ENSRNOG00000004610	81682	7193	JL-1891-5_S5	T1wk PZ5	tibia	1	PZ	5	12.5206859068572	yes	GSE114919	https://www.ncbi.nlm.nih.gov/geo/query/acc.cgi?acc=GSE114919
rat	LUM	LUM	ENSRNOG00000004610	81682	7193	JL-1891-11_S11	T4wk PZ1	tibia	4	PZ	1	10.5240403653403	yes	GSE114919	https://www.ncbi.nlm.nih.gov/geo/query/acc.cgi?acc=GSE114919
rat	LUM	LUM	ENSRNOG00000004610	81682	7193	JL-1891-12_S12	T4wk PZ2	tibia	4	PZ	2	9.77466637798318	yes	GSE114919	https://www.ncbi.nlm.nih.gov/geo/query/acc.cgi?acc=GSE114919
rat	LUM	LUM	ENSRNOG00000004610	81682	7193	JL-1891-13_S13	T4wk PZ3	tibia	4	PZ	3	9.15856077210947	yes	GSE114919	https://www.ncbi.nlm.nih.gov/geo/query/acc.cgi?acc=GSE114919
rat	LUM	LUM	ENSRNOG00000004610	81682	7193	JL-1891-14_S14	T4wk PZ4	tibia	4	PZ	4	10.4638446230766	yes	GSE114919	https://www.ncbi.nlm.nih.gov/geo/query/acc.cgi?acc=GSE114919
rat	LUM	LUM	ENSRNOG00000004610	81682	7193	JL-1891-15_S15	T4wk PZ5	tibia	4	PZ	5	9.08510414497495	yes	GSE114919	https://www.ncbi.nlm.nih.gov/geo/query/acc.cgi?acc=GSE114919
rat	BGN	BGN	ENSRNOG00000055962	25181	9637	JL-1891-26_S26	Ph1wk HZ1	phalanx	1	HZ	1	16.2446082760612	yes	GSE114919	https://www.ncbi.nlm.nih.gov/geo/query/acc.cgi?acc=GSE114919
rat	BGN	BGN	ENSRNOG00000055962	25181	9637	JL-1891-27_S27	Ph1wk HZ2	phalanx	1	HZ	2	16.8189493149069	yes	GSE114919	https://www.ncbi.nlm.nih.gov/geo/query/acc.cgi?acc=GSE114919
rat	BGN	BGN	ENSRNOG00000055962	25181	9637	JL-1891-28_S28	Ph1wk HZ3	phalanx	1	HZ	3	16.870787954589	yes	GSE114919	https://www.ncbi.nlm.nih.gov/geo/query/acc.cgi?acc=GSE114919
rat	BGN	BGN	ENSRNOG00000055962	25181	9637	JL-1891-29_S29	Ph1wk HZ4	phalanx	1	HZ	4	16.6444141169103	yes	GSE114919	https://www.ncbi.nlm.nih.gov/geo/query/acc.cgi?acc=GSE114919
rat	BGN	BGN	ENSRNOG00000055962	25181	9637	JL-1891-30_S30	Ph1wk HZ5	phalanx	1	HZ	5	16.410846472227	yes	GSE114919	https://www.ncbi.nlm.nih.gov/geo/query/acc.cgi?acc=GSE114919
rat	BGN	BGN	ENSRNOG00000055962	25181	9637	JL-1891-10_S10	T1wk HZ5	tibia	1	HZ	5	16.2484357615486	yes	GSE114919	https://www.ncbi.nlm.nih.gov/geo/query/acc.cgi?acc=GSE114919
rat	BGN	BGN	ENSRNOG00000055962	25181	9637	JL-1891-6_S6	T1wk HZ1	tibia	1	HZ	1	15.6025003030299	yes	GSE114919	https://www.ncbi.nlm.nih.gov/geo/query/acc.cgi?acc=GSE114919
rat	BGN	BGN	ENSRNOG00000055962	25181	9637	JL-1891-7_S7	T1wk HZ2	tibia	1	HZ	2	16.4968578632748	yes	GSE114919	https://www.ncbi.nlm.nih.gov/geo/query/acc.cgi?acc=GSE114919
rat	BGN	BGN	ENSRNOG00000055962	25181	9637	JL-1891-8_S8	T1wk HZ3	tibia	1	HZ	3	16.374785374267	yes	GSE114919	https://www.ncbi.nlm.nih.gov/geo/query/acc.cgi?acc=GSE114919
rat	BGN	BGN	ENSRNOG00000055962	25181	9637	JL-1891-9_S9	T1wk HZ4	tibia	1	HZ	4	15.9311449380965	yes	GSE114919	https://www.ncbi.nlm.nih.gov/geo/query/acc.cgi?acc=GSE114919
rat	BGN	BGN	ENSRNOG00000055962	25181	9637	JL-1891-16_S16	T4wk HZ1	tibia	4	HZ	1	16.3508608662682	yes	GSE114919	https://www.ncbi.nlm.nih.gov/geo/query/acc.cgi?acc=GSE114919
rat	BGN	BGN	ENSRNOG00000055962	25181	9637	JL-1891-17_S17	T4wk HZ2	tibia	4	HZ	2	16.6522547560194	yes	GSE114919	https://www.ncbi.nlm.nih.gov/geo/query/acc.cgi?acc=GSE114919
rat	BGN	BGN	ENSRNOG00000055962	25181	9637	JL-1891-18_S18	T4wk HZ3	tibia	4	HZ	3	17.5909110242149	yes	GSE114919	https://www.ncbi.nlm.nih.gov/geo/query/acc.cgi?acc=GSE114919
rat	BGN	BGN	ENSRNOG00000055962	25181	9637	JL-1891-19_S19	T4wk HZ4	tibia	4	HZ	4	16.970845468092	yes	GSE114919	https://www.ncbi.nlm.nih.gov/geo/query/acc.cgi?acc=GSE114919
rat	BGN	BGN	ENSRNOG00000055962	25181	9637	JL-1891-20_S20	T4wk HZ5	tibia	4	HZ	5	17.1064931782055	yes	GSE114919	https://www.ncbi.nlm.nih.gov/geo/query/acc.cgi?acc=GSE114919
rat	BGN	BGN	ENSRNOG00000055962	25181	9637	JL-1891-21_S21	Ph1wk PZ1	phalanx	1	PZ	1	17.0852147936766	yes	GSE114919	https://www.ncbi.nlm.nih.gov/geo/query/acc.cgi?acc=GSE114919
rat	BGN	BGN	ENSRNOG00000055962	25181	9637	JL-1891-22_S22	Ph1wk PZ2	phalanx	1	PZ	2	16.9306806473605	yes	GSE114919	https://www.ncbi.nlm.nih.gov/geo/query/acc.cgi?acc=GSE114919
rat	BGN	BGN	ENSRNOG00000055962	25181	9637	JL-1891-23_S23	Ph1wk PZ3	phalanx	1	PZ	3	16.7459145389048	yes	GSE114919	https://www.ncbi.nlm.nih.gov/geo/query/acc.cgi?acc=GSE114919
rat	BGN	BGN	ENSRNOG00000055962	25181	9637	JL-1891-24_S24	Ph1wk PZ4	phalanx	1	PZ	4	17.2195060246337	yes	GSE114919	https://www.ncbi.nlm.nih.gov/geo/query/acc.cgi?acc=GSE114919
rat	BGN	BGN	ENSRNOG00000055962	25181	9637	JL-1891-25_S25	Ph1wk PZ5	phalanx	1	PZ	5	18.1291948436865	yes	GSE114919	https://www.ncbi.nlm.nih.gov/geo/query/acc.cgi?acc=GSE114919
rat	BGN	BGN	ENSRNOG00000055962	25181	9637	JL-1891-1_S1	T1wk PZ1	tibia	1	PZ	1	17.4246636711406	yes	GSE114919	https://www.ncbi.nlm.nih.gov/geo/query/acc.cgi?acc=GSE114919
rat	BGN	BGN	ENSRNOG00000055962	25181	9637	JL-1891-2_S2	T1wk PZ2	tibia	1	PZ	2	17.265042398654	yes	GSE114919	https://www.ncbi.nlm.nih.gov/geo/query/acc.cgi?acc=GSE114919
rat	BGN	BGN	ENSRNOG00000055962	25181	9637	JL-1891-3_S3	T1wk PZ3	tibia	1	PZ	3	17.0890105716449	yes	GSE114919	https://www.ncbi.nlm.nih.gov/geo/query/acc.cgi?acc=GSE114919
rat	BGN	BGN	ENSRNOG00000055962	25181	9637	JL-1891-4_S4	T1wk PZ4	tibia	1	PZ	4	17.1840692658559	yes	GSE114919	https://www.ncbi.nlm.nih.gov/geo/query/acc.cgi?acc=GSE114919
rat	BGN	BGN	ENSRNOG00000055962	25181	9637	JL-1891-5_S5	T1wk PZ5	tibia	1	PZ	5	17.1232164277838	yes	GSE114919	https://www.ncbi.nlm.nih.gov/geo/query/acc.cgi?acc=GSE114919
rat	BGN	BGN	ENSRNOG00000055962	25181	9637	JL-1891-11_S11	T4wk PZ1	tibia	4	PZ	1	17.5450968999309	yes	GSE114919	https://www.ncbi.nlm.nih.gov/geo/query/acc.cgi?acc=GSE114919
rat	BGN	BGN	ENSRNOG00000055962	25181	9637	JL-1891-12_S12	T4wk PZ2	tibia	4	PZ	2	17.6748529769332	yes	GSE114919	https://www.ncbi.nlm.nih.gov/geo/query/acc.cgi?acc=GSE114919
rat	BGN	BGN	ENSRNOG00000055962	25181	9637	JL-1891-13_S13	T4wk PZ3	tibia	4	PZ	3	17.8195390311822	yes	GSE114919	https://www.ncbi.nlm.nih.gov/geo/query/acc.cgi?acc=GSE114919
rat	BGN	BGN	ENSRNOG00000055962	25181	9637	JL-1891-14_S14	T4wk PZ4	tibia	4	PZ	4	17.7544508532716	yes	GSE114919	https://www.ncbi.nlm.nih.gov/geo/query/acc.cgi?acc=GSE114919
rat	BGN	BGN	ENSRNOG00000055962	25181	9637	JL-1891-15_S15	T4wk PZ5	tibia	4	PZ	5	17.8387915120439	yes	GSE114919	https://www.ncbi.nlm.nih.gov/geo/query/acc.cgi?acc=GSE114919
rat	PRELP	PRELP	ENSRNOG00000003120	84400	12056	JL-1891-26_S26	Ph1wk HZ1	phalanx	1	HZ	1	11.8429246777969	yes	GSE114919	https://www.ncbi.nlm.nih.gov/geo/query/acc.cgi?acc=GSE114919
rat	PRELP	PRELP	ENSRNOG00000003120	84400	12056	JL-1891-27_S27	Ph1wk HZ2	phalanx	1	HZ	2	13.3446418877569	yes	GSE114919	https://www.ncbi.nlm.nih.gov/geo/query/acc.cgi?acc=GSE114919
rat	PRELP	PRELP	ENSRNOG00000003120	84400	12056	JL-1891-28_S28	Ph1wk HZ3	phalanx	1	HZ	3	11.9763488082507	yes	GSE114919	https://www.ncbi.nlm.nih.gov/geo/query/acc.cgi?acc=GSE114919
rat	PRELP	PRELP	ENSRNOG00000003120	84400	12056	JL-1891-29_S29	Ph1wk HZ4	phalanx	1	HZ	4	12.9496673598454	yes	GSE114919	https://www.ncbi.nlm.nih.gov/geo/query/acc.cgi?acc=GSE114919
rat	PRELP	PRELP	ENSRNOG00000003120	84400	12056	JL-1891-30_S30	Ph1wk HZ5	phalanx	1	HZ	5	12.5372860948387	yes	GSE114919	https://www.ncbi.nlm.nih.gov/geo/query/acc.cgi?acc=GSE114919
rat	PRELP	PRELP	ENSRNOG00000003120	84400	12056	JL-1891-10_S10	T1wk HZ5	tibia	1	HZ	5	12.2549364900649	yes	GSE114919	https://www.ncbi.nlm.nih.gov/geo/query/acc.cgi?acc=GSE114919
rat	PRELP	PRELP	ENSRNOG00000003120	84400	12056	JL-1891-6_S6	T1wk HZ1	tibia	1	HZ	1	11.8461515890079	yes	GSE114919	https://www.ncbi.nlm.nih.gov/geo/query/acc.cgi?acc=GSE114919
rat	PRELP	PRELP	ENSRNOG00000003120	84400	12056	JL-1891-7_S7	T1wk HZ2	tibia	1	HZ	2	13.0940869649518	yes	GSE114919	https://www.ncbi.nlm.nih.gov/geo/query/acc.cgi?acc=GSE114919
rat	PRELP	PRELP	ENSRNOG00000003120	84400	12056	JL-1891-8_S8	T1wk HZ3	tibia	1	HZ	3	11.9650649141563	yes	GSE114919	https://www.ncbi.nlm.nih.gov/geo/query/acc.cgi?acc=GSE114919
rat	PRELP	PRELP	ENSRNOG00000003120	84400	12056	JL-1891-9_S9	T1wk HZ4	tibia	1	HZ	4	11.592462252039	yes	GSE114919	https://www.ncbi.nlm.nih.gov/geo/query/acc.cgi?acc=GSE114919
rat	PRELP	PRELP	ENSRNOG00000003120	84400	12056	JL-1891-16_S16	T4wk HZ1	tibia	4	HZ	1	12.9466770905238	yes	GSE114919	https://www.ncbi.nlm.nih.gov/geo/query/acc.cgi?acc=GSE114919
rat	PRELP	PRELP	ENSRNOG00000003120	84400	12056	JL-1891-17_S17	T4wk HZ2	tibia	4	HZ	2	13.3055565196867	yes	GSE114919	https://www.ncbi.nlm.nih.gov/geo/query/acc.cgi?acc=GSE114919
rat	PRELP	PRELP	ENSRNOG00000003120	84400	12056	JL-1891-18_S18	T4wk HZ3	tibia	4	HZ	3	15.0785641920209	yes	GSE114919	https://www.ncbi.nlm.nih.gov/geo/query/acc.cgi?acc=GSE114919
rat	PRELP	PRELP	ENSRNOG00000003120	84400	12056	JL-1891-19_S19	T4wk HZ4	tibia	4	HZ	4	13.91376274109	yes	GSE114919	https://www.ncbi.nlm.nih.gov/geo/query/acc.cgi?acc=GSE114919
rat	PRELP	PRELP	ENSRNOG00000003120	84400	12056	JL-1891-20_S20	T4wk HZ5	tibia	4	HZ	5	12.6939700088198	yes	GSE114919	https://www.ncbi.nlm.nih.gov/geo/query/acc.cgi?acc=GSE114919
rat	PRELP	PRELP	ENSRNOG00000003120	84400	12056	JL-1891-21_S21	Ph1wk PZ1	phalanx	1	PZ	1	14.6072795852599	yes	GSE114919	https://www.ncbi.nlm.nih.gov/geo/query/acc.cgi?acc=GSE114919
rat	PRELP	PRELP	ENSRNOG00000003120	84400	12056	JL-1891-22_S22	Ph1wk PZ2	phalanx	1	PZ	2	14.6876738584479	yes	GSE114919	https://www.ncbi.nlm.nih.gov/geo/query/acc.cgi?acc=GSE114919
rat	PRELP	PRELP	ENSRNOG00000003120	84400	12056	JL-1891-23_S23	Ph1wk PZ3	phalanx	1	PZ	3	14.1848221724685	yes	GSE114919	https://www.ncbi.nlm.nih.gov/geo/query/acc.cgi?acc=GSE114919
rat	PRELP	PRELP	ENSRNOG00000003120	84400	12056	JL-1891-24_S24	Ph1wk PZ4	phalanx	1	PZ	4	15.008810608853	yes	GSE114919	https://www.ncbi.nlm.nih.gov/geo/query/acc.cgi?acc=GSE114919
rat	PRELP	PRELP	ENSRNOG00000003120	84400	12056	JL-1891-25_S25	Ph1wk PZ5	phalanx	1	PZ	5	15.4171046555555	yes	GSE114919	https://www.ncbi.nlm.nih.gov/geo/query/acc.cgi?acc=GSE114919
rat	PRELP	PRELP	ENSRNOG00000003120	84400	12056	JL-1891-1_S1	T1wk PZ1	tibia	1	PZ	1	16.303616873336	yes	GSE114919	https://www.ncbi.nlm.nih.gov/geo/query/acc.cgi?acc=GSE114919
rat	PRELP	PRELP	ENSRNOG00000003120	84400	12056	JL-1891-2_S2	T1wk PZ2	tibia	1	PZ	2	15.5662581020569	yes	GSE114919	https://www.ncbi.nlm.nih.gov/geo/query/acc.cgi?acc=GSE114919
rat	PRELP	PRELP	ENSRNOG00000003120	84400	12056	JL-1891-3_S3	T1wk PZ3	tibia	1	PZ	3	15.5252326745603	yes	GSE114919	https://www.ncbi.nlm.nih.gov/geo/query/acc.cgi?acc=GSE114919
rat	PRELP	PRELP	ENSRNOG00000003120	84400	12056	JL-1891-4_S4	T1wk PZ4	tibia	1	PZ	4	15.688998460898	yes	GSE114919	https://www.ncbi.nlm.nih.gov/geo/query/acc.cgi?acc=GSE114919
rat	PRELP	PRELP	ENSRNOG00000003120	84400	12056	JL-1891-5_S5	T1wk PZ5	tibia	1	PZ	5	15.666555326851	yes	GSE114919	https://www.ncbi.nlm.nih.gov/geo/query/acc.cgi?acc=GSE114919
rat	PRELP	PRELP	ENSRNOG00000003120	84400	12056	JL-1891-11_S11	T4wk PZ1	tibia	4	PZ	1	16.157751449747	yes	GSE114919	https://www.ncbi.nlm.nih.gov/geo/query/acc.cgi?acc=GSE114919
rat	PRELP	PRELP	ENSRNOG00000003120	84400	12056	JL-1891-12_S12	T4wk PZ2	tibia	4	PZ	2	16.7964940870771	yes	GSE114919	https://www.ncbi.nlm.nih.gov/geo/query/acc.cgi?acc=GSE114919
rat	PRELP	PRELP	ENSRNOG00000003120	84400	12056	JL-1891-13_S13	T4wk PZ3	tibia	4	PZ	3	16.0873755593397	yes	GSE114919	https://www.ncbi.nlm.nih.gov/geo/query/acc.cgi?acc=GSE114919
rat	PRELP	PRELP	ENSRNOG00000003120	84400	12056	JL-1891-14_S14	T4wk PZ4	tibia	4	PZ	4	16.1924813398794	yes	GSE114919	https://www.ncbi.nlm.nih.gov/geo/query/acc.cgi?acc=GSE114919
rat	PRELP	PRELP	ENSRNOG00000003120	84400	12056	JL-1891-15_S15	T4wk PZ5	tibia	4	PZ	5	16.5783266315344	yes	GSE114919	https://www.ncbi.nlm.nih.gov/geo/query/acc.cgi?acc=GSE114919
rat	FMOD	FMOD	ENSRNOG00000003183	64507	12058	JL-1891-26_S26	Ph1wk HZ1	phalanx	1	HZ	1	15.059829097058	yes	GSE114919	https://www.ncbi.nlm.nih.gov/geo/query/acc.cgi?acc=GSE114919
rat	FMOD	FMOD	ENSRNOG00000003183	64507	12058	JL-1891-27_S27	Ph1wk HZ2	phalanx	1	HZ	2	16.586511286225	yes	GSE114919	https://www.ncbi.nlm.nih.gov/geo/query/acc.cgi?acc=GSE114919
rat	FMOD	FMOD	ENSRNOG00000003183	64507	12058	JL-1891-28_S28	Ph1wk HZ3	phalanx	1	HZ	3	15.2648291550912	yes	GSE114919	https://www.ncbi.nlm.nih.gov/geo/query/acc.cgi?acc=GSE114919
rat	FMOD	FMOD	ENSRNOG00000003183	64507	12058	JL-1891-29_S29	Ph1wk HZ4	phalanx	1	HZ	4	15.7376862483293	yes	GSE114919	https://www.ncbi.nlm.nih.gov/geo/query/acc.cgi?acc=GSE114919
rat	FMOD	FMOD	ENSRNOG00000003183	64507	12058	JL-1891-30_S30	Ph1wk HZ5	phalanx	1	HZ	5	15.0393414573469	yes	GSE114919	https://www.ncbi.nlm.nih.gov/geo/query/acc.cgi?acc=GSE114919
rat	FMOD	FMOD	ENSRNOG00000003183	64507	12058	JL-1891-10_S10	T1wk HZ5	tibia	1	HZ	5	14.8858539285221	yes	GSE114919	https://www.ncbi.nlm.nih.gov/geo/query/acc.cgi?acc=GSE114919
rat	FMOD	FMOD	ENSRNOG00000003183	64507	12058	JL-1891-6_S6	T1wk HZ1	tibia	1	HZ	1	15.1640768990149	yes	GSE114919	https://www.ncbi.nlm.nih.gov/geo/query/acc.cgi?acc=GSE114919
rat	FMOD	FMOD	ENSRNOG00000003183	64507	12058	JL-1891-7_S7	T1wk HZ2	tibia	1	HZ	2	16.0318712714509	yes	GSE114919	https://www.ncbi.nlm.nih.gov/geo/query/acc.cgi?acc=GSE114919
rat	FMOD	FMOD	ENSRNOG00000003183	64507	12058	JL-1891-8_S8	T1wk HZ3	tibia	1	HZ	3	15.1854637331374	yes	GSE114919	https://www.ncbi.nlm.nih.gov/geo/query/acc.cgi?acc=GSE114919
rat	FMOD	FMOD	ENSRNOG00000003183	64507	12058	JL-1891-9_S9	T1wk HZ4	tibia	1	HZ	4	14.7149291449887	yes	GSE114919	https://www.ncbi.nlm.nih.gov/geo/query/acc.cgi?acc=GSE114919
rat	FMOD	FMOD	ENSRNOG00000003183	64507	12058	JL-1891-16_S16	T4wk HZ1	tibia	4	HZ	1	16.0549480952157	yes	GSE114919	https://www.ncbi.nlm.nih.gov/geo/query/acc.cgi?acc=GSE114919
rat	FMOD	FMOD	ENSRNOG00000003183	64507	12058	JL-1891-17_S17	T4wk HZ2	tibia	4	HZ	2	16.5514988915311	yes	GSE114919	https://www.ncbi.nlm.nih.gov/geo/query/acc.cgi?acc=GSE114919
rat	FMOD	FMOD	ENSRNOG00000003183	64507	12058	JL-1891-18_S18	T4wk HZ3	tibia	4	HZ	3	18.1554635932424	yes	GSE114919	https://www.ncbi.nlm.nih.gov/geo/query/acc.cgi?acc=GSE114919
rat	FMOD	FMOD	ENSRNOG00000003183	64507	12058	JL-1891-19_S19	T4wk HZ4	tibia	4	HZ	4	17.2298386755293	yes	GSE114919	https://www.ncbi.nlm.nih.gov/geo/query/acc.cgi?acc=GSE114919
rat	FMOD	FMOD	ENSRNOG00000003183	64507	12058	JL-1891-20_S20	T4wk HZ5	tibia	4	HZ	5	16.5059161359666	yes	GSE114919	https://www.ncbi.nlm.nih.gov/geo/query/acc.cgi?acc=GSE114919
rat	FMOD	FMOD	ENSRNOG00000003183	64507	12058	JL-1891-21_S21	Ph1wk PZ1	phalanx	1	PZ	1	17.5404770195413	yes	GSE114919	https://www.ncbi.nlm.nih.gov/geo/query/acc.cgi?acc=GSE114919
rat	FMOD	FMOD	ENSRNOG00000003183	64507	12058	JL-1891-22_S22	Ph1wk PZ2	phalanx	1	PZ	2	17.6860588259834	yes	GSE114919	https://www.ncbi.nlm.nih.gov/geo/query/acc.cgi?acc=GSE114919
rat	FMOD	FMOD	ENSRNOG00000003183	64507	12058	JL-1891-23_S23	Ph1wk PZ3	phalanx	1	PZ	3	17.0196567442151	yes	GSE114919	https://www.ncbi.nlm.nih.gov/geo/query/acc.cgi?acc=GSE114919
rat	FMOD	FMOD	ENSRNOG00000003183	64507	12058	JL-1891-24_S24	Ph1wk PZ4	phalanx	1	PZ	4	17.8091675717674	yes	GSE114919	https://www.ncbi.nlm.nih.gov/geo/query/acc.cgi?acc=GSE114919
rat	FMOD	FMOD	ENSRNOG00000003183	64507	12058	JL-1891-25_S25	Ph1wk PZ5	phalanx	1	PZ	5	18.1862953861907	yes	GSE114919	https://www.ncbi.nlm.nih.gov/geo/query/acc.cgi?acc=GSE114919
rat	FMOD	FMOD	ENSRNOG00000003183	64507	12058	JL-1891-1_S1	T1wk PZ1	tibia	1	PZ	1	18.4309226238712	yes	GSE114919	https://www.ncbi.nlm.nih.gov/geo/query/acc.cgi?acc=GSE114919
rat	FMOD	FMOD	ENSRNOG00000003183	64507	12058	JL-1891-2_S2	T1wk PZ2	tibia	1	PZ	2	17.9190872157386	yes	GSE114919	https://www.ncbi.nlm.nih.gov/geo/query/acc.cgi?acc=GSE114919
rat	FMOD	FMOD	ENSRNOG00000003183	64507	12058	JL-1891-3_S3	T1wk PZ3	tibia	1	PZ	3	17.7446256825079	yes	GSE114919	https://www.ncbi.nlm.nih.gov/geo/query/acc.cgi?acc=GSE114919
rat	FMOD	FMOD	ENSRNOG00000003183	64507	12058	JL-1891-4_S4	T1wk PZ4	tibia	1	PZ	4	17.9495954695624	yes	GSE114919	https://www.ncbi.nlm.nih.gov/geo/query/acc.cgi?acc=GSE114919
rat	FMOD	FMOD	ENSRNOG00000003183	64507	12058	JL-1891-5_S5	T1wk PZ5	tibia	1	PZ	5	17.7745724489853	yes	GSE114919	https://www.ncbi.nlm.nih.gov/geo/query/acc.cgi?acc=GSE114919
rat	FMOD	FMOD	ENSRNOG00000003183	64507	12058	JL-1891-11_S11	T4wk PZ1	tibia	4	PZ	1	18.533468209012	yes	GSE114919	https://www.ncbi.nlm.nih.gov/geo/query/acc.cgi?acc=GSE114919
rat	FMOD	FMOD	ENSRNOG00000003183	64507	12058	JL-1891-12_S12	T4wk PZ2	tibia	4	PZ	2	18.9829246107804	yes	GSE114919	https://www.ncbi.nlm.nih.gov/geo/query/acc.cgi?acc=GSE114919
rat	FMOD	FMOD	ENSRNOG00000003183	64507	12058	JL-1891-13_S13	T4wk PZ3	tibia	4	PZ	3	18.9258508296463	yes	GSE114919	https://www.ncbi.nlm.nih.gov/geo/query/acc.cgi?acc=GSE114919
rat	FMOD	FMOD	ENSRNOG00000003183	64507	12058	JL-1891-14_S14	T4wk PZ4	tibia	4	PZ	4	18.8382436116372	yes	GSE114919	https://www.ncbi.nlm.nih.gov/geo/query/acc.cgi?acc=GSE114919
rat	FMOD	FMOD	ENSRNOG00000003183	64507	12058	JL-1891-15_S15	T4wk PZ5	tibia	4	PZ	5	18.9677599220182	yes	GSE114919	https://www.ncbi.nlm.nih.gov/geo/query/acc.cgi?acc=GSE114919
rat	OGN	OGN	ENSRNOG00000029792	291015	13739	JL-1891-26_S26	Ph1wk HZ1	phalanx	1	HZ	1	0.0	no	GSE114919	https://www.ncbi.nlm.nih.gov/geo/query/acc.cgi?acc=GSE114919
rat	OGN	OGN	ENSRNOG00000029792	291015	13739	JL-1891-27_S27	Ph1wk HZ2	phalanx	1	HZ	2	0.0	no	GSE114919	https://www.ncbi.nlm.nih.gov/geo/query/acc.cgi?acc=GSE114919
rat	OGN	OGN	ENSRNOG00000029792	291015	13739	JL-1891-28_S28	Ph1wk HZ3	phalanx	1	HZ	3	0.0	no	GSE114919	https://www.ncbi.nlm.nih.gov/geo/query/acc.cgi?acc=GSE114919
rat	OGN	OGN	ENSRNOG00000029792	291015	13739	JL-1891-29_S29	Ph1wk HZ4	phalanx	1	HZ	4	1.12333848159713	yes	GSE114919	https://www.ncbi.nlm.nih.gov/geo/query/acc.cgi?acc=GSE114919
rat	OGN	OGN	ENSRNOG00000029792	291015	13739	JL-1891-30_S30	Ph1wk HZ5	phalanx	1	HZ	5	0.0	no	GSE114919	https://www.ncbi.nlm.nih.gov/geo/query/acc.cgi?acc=GSE114919
rat	OGN	OGN	ENSRNOG00000029792	291015	13739	JL-1891-10_S10	T1wk HZ5	tibia	1	HZ	5	0.0	no	GSE114919	https://www.ncbi.nlm.nih.gov/geo/query/acc.cgi?acc=GSE114919
rat	OGN	OGN	ENSRNOG00000029792	291015	13739	JL-1891-6_S6	T1wk HZ1	tibia	1	HZ	1	2.15209390660914	yes	GSE114919	https://www.ncbi.nlm.nih.gov/geo/query/acc.cgi?acc=GSE114919
rat	OGN	OGN	ENSRNOG00000029792	291015	13739	JL-1891-7_S7	T1wk HZ2	tibia	1	HZ	2	0.0	no	GSE114919	https://www.ncbi.nlm.nih.gov/geo/query/acc.cgi?acc=GSE114919
rat	OGN	OGN	ENSRNOG00000029792	291015	13739	JL-1891-8_S8	T1wk HZ3	tibia	1	HZ	3	0.0	no	GSE114919	https://www.ncbi.nlm.nih.gov/geo/query/acc.cgi?acc=GSE114919
rat	OGN	OGN	ENSRNOG00000029792	291015	13739	JL-1891-9_S9	T1wk HZ4	tibia	1	HZ	4	0.0	no	GSE114919	https://www.ncbi.nlm.nih.gov/geo/query/acc.cgi?acc=GSE114919
rat	OGN	OGN	ENSRNOG00000029792	291015	13739	JL-1891-16_S16	T4wk HZ1	tibia	4	HZ	1	0.0	no	GSE114919	https://www.ncbi.nlm.nih.gov/geo/query/acc.cgi?acc=GSE114919
rat	OGN	OGN	ENSRNOG00000029792	291015	13739	JL-1891-17_S17	T4wk HZ2	tibia	4	HZ	2	2.16940743356543	yes	GSE114919	https://www.ncbi.nlm.nih.gov/geo/query/acc.cgi?acc=GSE114919
rat	OGN	OGN	ENSRNOG00000029792	291015	13739	JL-1891-18_S18	T4wk HZ3	tibia	4	HZ	3	0.0	no	GSE114919	https://www.ncbi.nlm.nih.gov/geo/query/acc.cgi?acc=GSE114919
rat	OGN	OGN	ENSRNOG00000029792	291015	13739	JL-1891-19_S19	T4wk HZ4	tibia	4	HZ	4	1.33474124619791	yes	GSE114919	https://www.ncbi.nlm.nih.gov/geo/query/acc.cgi?acc=GSE114919
rat	OGN	OGN	ENSRNOG00000029792	291015	13739	JL-1891-20_S20	T4wk HZ5	tibia	4	HZ	5	0.0	no	GSE114919	https://www.ncbi.nlm.nih.gov/geo/query/acc.cgi?acc=GSE114919
rat	OGN	OGN	ENSRNOG00000029792	291015	13739	JL-1891-21_S21	Ph1wk PZ1	phalanx	1	PZ	1	2.54774064675279	yes	GSE114919	https://www.ncbi.nlm.nih.gov/geo/query/acc.cgi?acc=GSE114919
rat	OGN	OGN	ENSRNOG00000029792	291015	13739	JL-1891-22_S22	Ph1wk PZ2	phalanx	1	PZ	2	1.90494151845853	yes	GSE114919	https://www.ncbi.nlm.nih.gov/geo/query/acc.cgi?acc=GSE114919
rat	OGN	OGN	ENSRNOG00000029792	291015	13739	JL-1891-23_S23	Ph1wk PZ3	phalanx	1	PZ	3	3.09783617183531	yes	GSE114919	https://www.ncbi.nlm.nih.gov/geo/query/acc.cgi?acc=GSE114919
rat	OGN	OGN	ENSRNOG00000029792	291015	13739	JL-1891-24_S24	Ph1wk PZ4	phalanx	1	PZ	4	3.32511183859958	yes	GSE114919	https://www.ncbi.nlm.nih.gov/geo/query/acc.cgi?acc=GSE114919
rat	OGN	OGN	ENSRNOG00000029792	291015	13739	JL-1891-25_S25	Ph1wk PZ5	phalanx	1	PZ	5	1.42907623439828	yes	GSE114919	https://www.ncbi.nlm.nih.gov/geo/query/acc.cgi?acc=GSE114919
rat	OGN	OGN	ENSRNOG00000029792	291015	13739	JL-1891-1_S1	T1wk PZ1	tibia	1	PZ	1	1.57612044273145	yes	GSE114919	https://www.ncbi.nlm.nih.gov/geo/query/acc.cgi?acc=GSE114919
rat	OGN	OGN	ENSRNOG00000029792	291015	13739	JL-1891-2_S2	T1wk PZ2	tibia	1	PZ	2	0.0	no	GSE114919	https://www.ncbi.nlm.nih.gov/geo/query/acc.cgi?acc=GSE114919
rat	OGN	OGN	ENSRNOG00000029792	291015	13739	JL-1891-3_S3	T1wk PZ3	tibia	1	PZ	3	2.58292702874347	yes	GSE114919	https://www.ncbi.nlm.nih.gov/geo/query/acc.cgi?acc=GSE114919
rat	OGN	OGN	ENSRNOG00000029792	291015	13739	JL-1891-4_S4	T1wk PZ4	tibia	1	PZ	4	3.36751791804213	yes	GSE114919	https://www.ncbi.nlm.nih.gov/geo/query/acc.cgi?acc=GSE114919
rat	OGN	OGN	ENSRNOG00000029792	291015	13739	JL-1891-5_S5	T1wk PZ5	tibia	1	PZ	5	2.24828356536797	yes	GSE114919	https://www.ncbi.nlm.nih.gov/geo/query/acc.cgi?acc=GSE114919
rat	OGN	OGN	ENSRNOG00000029792	291015	13739	JL-1891-11_S11	T4wk PZ1	tibia	4	PZ	1	1.1572645038875	yes	GSE114919	https://www.ncbi.nlm.nih.gov/geo/query/acc.cgi?acc=GSE114919
rat	OGN	OGN	ENSRNOG00000029792	291015	13739	JL-1891-12_S12	T4wk PZ2	tibia	4	PZ	2	0.0	no	GSE114919	https://www.ncbi.nlm.nih.gov/geo/query/acc.cgi?acc=GSE114919
rat	OGN	OGN	ENSRNOG00000029792	291015	13739	JL-1891-13_S13	T4wk PZ3	tibia	4	PZ	3	2.10833507937314	yes	GSE114919	https://www.ncbi.nlm.nih.gov/geo/query/acc.cgi?acc=GSE114919
rat	OGN	OGN	ENSRNOG00000029792	291015	13739	JL-1891-14_S14	T4wk PZ4	tibia	4	PZ	4	2.32230134716379	yes	GSE114919	https://www.ncbi.nlm.nih.gov/geo/query/acc.cgi?acc=GSE114919
rat	OGN	OGN	ENSRNOG00000029792	291015	13739	JL-1891-15_S15	T4wk PZ5	tibia	4	PZ	5	0.832801114948489	yes	GSE114919	https://www.ncbi.nlm.nih.gov/geo/query/acc.cgi?acc=GSE114919
rat	OMD	OMD	ENSRNOG00000039560	83717	13910	JL-1891-26_S26	Ph1wk HZ1	phalanx	1	HZ	1	0.0	no	GSE114919	https://www.ncbi.nlm.nih.gov/geo/query/acc.cgi?acc=GSE114919
rat	OMD	OMD	ENSRNOG00000039560	83717	13910	JL-1891-27_S27	Ph1wk HZ2	phalanx	1	HZ	2	0.0	no	GSE114919	https://www.ncbi.nlm.nih.gov/geo/query/acc.cgi?acc=GSE114919
rat	OMD	OMD	ENSRNOG00000039560	83717	13910	JL-1891-28_S28	Ph1wk HZ3	phalanx	1	HZ	3	1.23432931005765	yes	GSE114919	https://www.ncbi.nlm.nih.gov/geo/query/acc.cgi?acc=GSE114919
rat	OMD	OMD	ENSRNOG00000039560	83717	13910	JL-1891-29_S29	Ph1wk HZ4	phalanx	1	HZ	4	1.74717690875721	yes	GSE114919	https://www.ncbi.nlm.nih.gov/geo/query/acc.cgi?acc=GSE114919
rat	OMD	OMD	ENSRNOG00000039560	83717	13910	JL-1891-30_S30	Ph1wk HZ5	phalanx	1	HZ	5	0.0	no	GSE114919	https://www.ncbi.nlm.nih.gov/geo/query/acc.cgi?acc=GSE114919
rat	OMD	OMD	ENSRNOG00000039560	83717	13910	JL-1891-10_S10	T1wk HZ5	tibia	1	HZ	5	0.0	no	GSE114919	https://www.ncbi.nlm.nih.gov/geo/query/acc.cgi?acc=GSE114919
rat	OMD	OMD	ENSRNOG00000039560	83717	13910	JL-1891-6_S6	T1wk HZ1	tibia	1	HZ	1	0.0	no	GSE114919	https://www.ncbi.nlm.nih.gov/geo/query/acc.cgi?acc=GSE114919
rat	OMD	OMD	ENSRNOG00000039560	83717	13910	JL-1891-7_S7	T1wk HZ2	tibia	1	HZ	2	0.0	no	GSE114919	https://www.ncbi.nlm.nih.gov/geo/query/acc.cgi?acc=GSE114919
rat	OMD	OMD	ENSRNOG00000039560	83717	13910	JL-1891-8_S8	T1wk HZ3	tibia	1	HZ	3	0.0	no	GSE114919	https://www.ncbi.nlm.nih.gov/geo/query/acc.cgi?acc=GSE114919
rat	OMD	OMD	ENSRNOG00000039560	83717	13910	JL-1891-9_S9	T1wk HZ4	tibia	1	HZ	4	0.0	no	GSE114919	https://www.ncbi.nlm.nih.gov/geo/query/acc.cgi?acc=GSE114919
rat	OMD	OMD	ENSRNOG00000039560	83717	13910	JL-1891-16_S16	T4wk HZ1	tibia	4	HZ	1	0.0	no	GSE114919	https://www.ncbi.nlm.nih.gov/geo/query/acc.cgi?acc=GSE114919
rat	OMD	OMD	ENSRNOG00000039560	83717	13910	JL-1891-17_S17	T4wk HZ2	tibia	4	HZ	2	0.0	no	GSE114919	https://www.ncbi.nlm.nih.gov/geo/query/acc.cgi?acc=GSE114919
rat	OMD	OMD	ENSRNOG00000039560	83717	13910	JL-1891-18_S18	T4wk HZ3	tibia	4	HZ	3	0.0	no	GSE114919	https://www.ncbi.nlm.nih.gov/geo/query/acc.cgi?acc=GSE114919
rat	OMD	OMD	ENSRNOG00000039560	83717	13910	JL-1891-19_S19	T4wk HZ4	tibia	4	HZ	4	0.0	no	GSE114919	https://www.ncbi.nlm.nih.gov/geo/query/acc.cgi?acc=GSE114919
rat	OMD	OMD	ENSRNOG00000039560	83717	13910	JL-1891-20_S20	T4wk HZ5	tibia	4	HZ	5	0.0	no	GSE114919	https://www.ncbi.nlm.nih.gov/geo/query/acc.cgi?acc=GSE114919
rat	OMD	OMD	ENSRNOG00000039560	83717	13910	JL-1891-21_S21	Ph1wk PZ1	phalanx	1	PZ	1	1.14521743959724	yes	GSE114919	https://www.ncbi.nlm.nih.gov/geo/query/acc.cgi?acc=GSE114919
rat	OMD	OMD	ENSRNOG00000039560	83717	13910	JL-1891-22_S22	Ph1wk PZ2	phalanx	1	PZ	2	0.0	no	GSE114919	https://www.ncbi.nlm.nih.gov/geo/query/acc.cgi?acc=GSE114919
rat	OMD	OMD	ENSRNOG00000039560	83717	13910	JL-1891-23_S23	Ph1wk PZ3	phalanx	1	PZ	3	0.0	no	GSE114919	https://www.ncbi.nlm.nih.gov/geo/query/acc.cgi?acc=GSE114919
rat	OMD	OMD	ENSRNOG00000039560	83717	13910	JL-1891-24_S24	Ph1wk PZ4	phalanx	1	PZ	4	0.0	no	GSE114919	https://www.ncbi.nlm.nih.gov/geo/query/acc.cgi?acc=GSE114919
rat	OMD	OMD	ENSRNOG00000039560	83717	13910	JL-1891-25_S25	Ph1wk PZ5	phalanx	1	PZ	5	0.0	no	GSE114919	https://www.ncbi.nlm.nih.gov/geo/query/acc.cgi?acc=GSE114919
rat	OMD	OMD	ENSRNOG00000039560	83717	13910	JL-1891-1_S1	T1wk PZ1	tibia	1	PZ	1	0.0	no	GSE114919	https://www.ncbi.nlm.nih.gov/geo/query/acc.cgi?acc=GSE114919
rat	OMD	OMD	ENSRNOG00000039560	83717	13910	JL-1891-2_S2	T1wk PZ2	tibia	1	PZ	2	0.0	no	GSE114919	https://www.ncbi.nlm.nih.gov/geo/query/acc.cgi?acc=GSE114919
rat	OMD	OMD	ENSRNOG00000039560	83717	13910	JL-1891-3_S3	T1wk PZ3	tibia	1	PZ	3	0.0	no	GSE114919	https://www.ncbi.nlm.nih.gov/geo/query/acc.cgi?acc=GSE114919
rat	OMD	OMD	ENSRNOG00000039560	83717	13910	JL-1891-4_S4	T1wk PZ4	tibia	1	PZ	4	0.0	no	GSE114919	https://www.ncbi.nlm.nih.gov/geo/query/acc.cgi?acc=GSE114919
rat	OMD	OMD	ENSRNOG00000039560	83717	13910	JL-1891-5_S5	T1wk PZ5	tibia	1	PZ	5	0.0	no	GSE114919	https://www.ncbi.nlm.nih.gov/geo/query/acc.cgi?acc=GSE114919
rat	OMD	OMD	ENSRNOG00000039560	83717	13910	JL-1891-11_S11	T4wk PZ1	tibia	4	PZ	1	0.0	no	GSE114919	https://www.ncbi.nlm.nih.gov/geo/query/acc.cgi?acc=GSE114919
rat	OMD	OMD	ENSRNOG00000039560	83717	13910	JL-1891-12_S12	T4wk PZ2	tibia	4	PZ	2	0.0	no	GSE114919	https://www.ncbi.nlm.nih.gov/geo/query/acc.cgi?acc=GSE114919
rat	OMD	OMD	ENSRNOG00000039560	83717	13910	JL-1891-13_S13	T4wk PZ3	tibia	4	PZ	3	0.0	no	GSE114919	https://www.ncbi.nlm.nih.gov/geo/query/acc.cgi?acc=GSE114919
rat	OMD	OMD	ENSRNOG00000039560	83717	13910	JL-1891-14_S14	T4wk PZ4	tibia	4	PZ	4	0.0	no	GSE114919	https://www.ncbi.nlm.nih.gov/geo/query/acc.cgi?acc=GSE114919
rat	OMD	OMD	ENSRNOG00000039560	83717	13910	JL-1891-15_S15	T4wk PZ5	tibia	4	PZ	5	0.0	no	GSE114919	https://www.ncbi.nlm.nih.gov/geo/query/acc.cgi?acc=GSE114919
rat	ASPN	ASPN	ENSRNOG00000015410	306805	13912	JL-1891-26_S26	Ph1wk HZ1	phalanx	1	HZ	1	0.0	no	GSE114919	https://www.ncbi.nlm.nih.gov/geo/query/acc.cgi?acc=GSE114919
rat	ASPN	ASPN	ENSRNOG00000015410	306805	13912	JL-1891-27_S27	Ph1wk HZ2	phalanx	1	HZ	2	0.0	no	GSE114919	https://www.ncbi.nlm.nih.gov/geo/query/acc.cgi?acc=GSE114919
rat	ASPN	ASPN	ENSRNOG00000015410	306805	13912	JL-1891-28_S28	Ph1wk HZ3	phalanx	1	HZ	3	0.745331775251865	yes	GSE114919	https://www.ncbi.nlm.nih.gov/geo/query/acc.cgi?acc=GSE114919
rat	ASPN	ASPN	ENSRNOG00000015410	306805	13912	JL-1891-29_S29	Ph1wk HZ4	phalanx	1	HZ	4	1.12333848159713	yes	GSE114919	https://www.ncbi.nlm.nih.gov/geo/query/acc.cgi?acc=GSE114919
rat	ASPN	ASPN	ENSRNOG00000015410	306805	13912	JL-1891-30_S30	Ph1wk HZ5	phalanx	1	HZ	5	0.0	no	GSE114919	https://www.ncbi.nlm.nih.gov/geo/query/acc.cgi?acc=GSE114919
rat	ASPN	ASPN	ENSRNOG00000015410	306805	13912	JL-1891-10_S10	T1wk HZ5	tibia	1	HZ	5	0.0	no	GSE114919	https://www.ncbi.nlm.nih.gov/geo/query/acc.cgi?acc=GSE114919
rat	ASPN	ASPN	ENSRNOG00000015410	306805	13912	JL-1891-6_S6	T1wk HZ1	tibia	1	HZ	1	0.0	no	GSE114919	https://www.ncbi.nlm.nih.gov/geo/query/acc.cgi?acc=GSE114919
rat	ASPN	ASPN	ENSRNOG00000015410	306805	13912	JL-1891-7_S7	T1wk HZ2	tibia	1	HZ	2	0.0	no	GSE114919	https://www.ncbi.nlm.nih.gov/geo/query/acc.cgi?acc=GSE114919
rat	ASPN	ASPN	ENSRNOG00000015410	306805	13912	JL-1891-8_S8	T1wk HZ3	tibia	1	HZ	3	0.0	no	GSE114919	https://www.ncbi.nlm.nih.gov/geo/query/acc.cgi?acc=GSE114919
rat	ASPN	ASPN	ENSRNOG00000015410	306805	13912	JL-1891-9_S9	T1wk HZ4	tibia	1	HZ	4	0.0	no	GSE114919	https://www.ncbi.nlm.nih.gov/geo/query/acc.cgi?acc=GSE114919
rat	ASPN	ASPN	ENSRNOG00000015410	306805	13912	JL-1891-16_S16	T4wk HZ1	tibia	4	HZ	1	0.0	no	GSE114919	https://www.ncbi.nlm.nih.gov/geo/query/acc.cgi?acc=GSE114919
rat	ASPN	ASPN	ENSRNOG00000015410	306805	13912	JL-1891-17_S17	T4wk HZ2	tibia	4	HZ	2	0.0	no	GSE114919	https://www.ncbi.nlm.nih.gov/geo/query/acc.cgi?acc=GSE114919
rat	ASPN	ASPN	ENSRNOG00000015410	306805	13912	JL-1891-18_S18	T4wk HZ3	tibia	4	HZ	3	0.0	no	GSE114919	https://www.ncbi.nlm.nih.gov/geo/query/acc.cgi?acc=GSE114919
rat	ASPN	ASPN	ENSRNOG00000015410	306805	13912	JL-1891-19_S19	T4wk HZ4	tibia	4	HZ	4	0.0	no	GSE114919	https://www.ncbi.nlm.nih.gov/geo/query/acc.cgi?acc=GSE114919
rat	ASPN	ASPN	ENSRNOG00000015410	306805	13912	JL-1891-20_S20	T4wk HZ5	tibia	4	HZ	5	0.0	no	GSE114919	https://www.ncbi.nlm.nih.gov/geo/query/acc.cgi?acc=GSE114919
rat	ASPN	ASPN	ENSRNOG00000015410	306805	13912	JL-1891-21_S21	Ph1wk PZ1	phalanx	1	PZ	1	0.0	no	GSE114919	https://www.ncbi.nlm.nih.gov/geo/query/acc.cgi?acc=GSE114919
rat	ASPN	ASPN	ENSRNOG00000015410	306805	13912	JL-1891-22_S22	Ph1wk PZ2	phalanx	1	PZ	2	0.0	no	GSE114919	https://www.ncbi.nlm.nih.gov/geo/query/acc.cgi?acc=GSE114919
rat	ASPN	ASPN	ENSRNOG00000015410	306805	13912	JL-1891-23_S23	Ph1wk PZ3	phalanx	1	PZ	3	0.0	no	GSE114919	https://www.ncbi.nlm.nih.gov/geo/query/acc.cgi?acc=GSE114919
rat	ASPN	ASPN	ENSRNOG00000015410	306805	13912	JL-1891-24_S24	Ph1wk PZ4	phalanx	1	PZ	4	0.0	no	GSE114919	https://www.ncbi.nlm.nih.gov/geo/query/acc.cgi?acc=GSE114919
rat	ASPN	ASPN	ENSRNOG00000015410	306805	13912	JL-1891-25_S25	Ph1wk PZ5	phalanx	1	PZ	5	0.0	no	GSE114919	https://www.ncbi.nlm.nih.gov/geo/query/acc.cgi?acc=GSE114919
rat	ASPN	ASPN	ENSRNOG00000015410	306805	13912	JL-1891-1_S1	T1wk PZ1	tibia	1	PZ	1	0.0	no	GSE114919	https://www.ncbi.nlm.nih.gov/geo/query/acc.cgi?acc=GSE114919
rat	ASPN	ASPN	ENSRNOG00000015410	306805	13912	JL-1891-2_S2	T1wk PZ2	tibia	1	PZ	2	0.0	no	GSE114919	https://www.ncbi.nlm.nih.gov/geo/query/acc.cgi?acc=GSE114919
rat	ASPN	ASPN	ENSRNOG00000015410	306805	13912	JL-1891-3_S3	T1wk PZ3	tibia	1	PZ	3	0.0	no	GSE114919	https://www.ncbi.nlm.nih.gov/geo/query/acc.cgi?acc=GSE114919
rat	ASPN	ASPN	ENSRNOG00000015410	306805	13912	JL-1891-4_S4	T1wk PZ4	tibia	1	PZ	4	0.0	no	GSE114919	https://www.ncbi.nlm.nih.gov/geo/query/acc.cgi?acc=GSE114919
rat	ASPN	ASPN	ENSRNOG00000015410	306805	13912	JL-1891-5_S5	T1wk PZ5	tibia	1	PZ	5	0.0	no	GSE114919	https://www.ncbi.nlm.nih.gov/geo/query/acc.cgi?acc=GSE114919
rat	ASPN	ASPN	ENSRNOG00000015410	306805	13912	JL-1891-11_S11	T4wk PZ1	tibia	4	PZ	1	0.0	no	GSE114919	https://www.ncbi.nlm.nih.gov/geo/query/acc.cgi?acc=GSE114919
rat	ASPN	ASPN	ENSRNOG00000015410	306805	13912	JL-1891-12_S12	T4wk PZ2	tibia	4	PZ	2	0.0	no	GSE114919	https://www.ncbi.nlm.nih.gov/geo/query/acc.cgi?acc=GSE114919
rat	ASPN	ASPN	ENSRNOG00000015410	306805	13912	JL-1891-13_S13	T4wk PZ3	tibia	4	PZ	3	0.0	no	GSE114919	https://www.ncbi.nlm.nih.gov/geo/query/acc.cgi?acc=GSE114919
rat	ASPN	ASPN	ENSRNOG00000015410	306805	13912	JL-1891-14_S14	T4wk PZ4	tibia	4	PZ	4	0.0	no	GSE114919	https://www.ncbi.nlm.nih.gov/geo/query/acc.cgi?acc=GSE114919
rat	ASPN	ASPN	ENSRNOG00000015410	306805	13912	JL-1891-15_S15	T4wk PZ5	tibia	4	PZ	5	0.0	no	GSE114919	https://www.ncbi.nlm.nih.gov/geo/query/acc.cgi?acc=GSE114919
