No.	Sample 	N7 Index	S5 Index
1	T1wk PZ1	701	502
2	T1wk PZ2	702	502
3	T1wk PZ3	703	502
4	T1wk PZ4	705	502
5	T1wk PZ5	706	502
6	T1wk HZ1	701	503
7	T1wk HZ2	702	503
8	T1wk HZ3	703	503
9	T1wk HZ4	705	503
10	T1wk HZ5	706	503
11	T4wk PZ1	701	505
12	T4wk PZ2	702	505
13	T4wk PZ3	703	505
14	T4wk PZ4	705	505
15	T4wk PZ5	706	505
16	T4wk HZ1	701	506
17	T4wk HZ2	702	506
18	T4wk HZ3	703	506
19	T4wk HZ4	705	506
20	T4wk HZ5	706	506
21	Ph1wk PZ1	701	507
22	Ph1wk PZ2	702	507
23	Ph1wk PZ3	703	507
24	Ph1wk PZ4	705	507
25	Ph1wk PZ5	706	507
26	Ph1wk HZ1	701	508
27	Ph1wk HZ2	702	508
28	Ph1wk HZ3	703	508
29	Ph1wk HZ4	705	508
30	Ph1wk HZ5	706	508
