species	bone	age_weeks	zone	gene	slrp_class	panel_role	replicate_count	detected_replicates	mean_published_normalized_value	sd_published_normalized_value	minimum	maximum	detection_fraction	genes_available_in_condition	within_condition_rank	within_condition_rank_percentile
mouse	phalanx	1	HZ	ASPN	I	background	5	5	6.032816	1.383804	4.432410	8.017067	1.000000	18	14	0.764706
mouse	phalanx	1	HZ	BGN	I	final_panel	5	5	14.326100	0.230140	13.968367	14.550692	1.000000	18	1	0.000000
mouse	phalanx	1	HZ	CHAD	IV	not_preselected	5	5	11.350312	0.626757	10.712462	12.307912	1.000000	18	3	0.117647
mouse	phalanx	1	HZ	CHADL	IV	not_preselected	5	5	7.637423	1.896191	5.730321	10.538115	1.000000	18	10	0.529412
mouse	phalanx	1	HZ	DCN	I	final_panel	5	5	10.934830	0.753116	9.727376	11.812725	1.000000	18	5	0.235294
mouse	phalanx	1	HZ	ECM2	I	not_preselected	5	5	7.528465	0.537940	6.918033	8.218989	1.000000	18	12	0.647059
mouse	phalanx	1	HZ	EPYC	III	final_panel	5	5	7.549009	1.718828	6.381406	10.490088	1.000000	18	11	0.588235
mouse	phalanx	1	HZ	FMOD	II	final_panel	5	5	11.473716	1.758991	9.775954	14.399791	1.000000	18	2	0.058824
mouse	phalanx	1	HZ	KERA	II	not_preselected	5	1	0.745318	1.666582	0.000000	3.726591	0.200000	18	18	1.000000
mouse	phalanx	1	HZ	LUM	II	final_panel	5	5	11.079272	0.623645	10.025716	11.633025	1.000000	18	4	0.176471
mouse	phalanx	1	HZ	NYX	IV	not_preselected	5	4	3.023345	1.841217	0.000000	4.844938	0.800000	18	15	0.823529
mouse	phalanx	1	HZ	OGN	III	final_panel	5	5	7.727424	0.721868	6.577125	8.438706	1.000000	18	9	0.470588
mouse	phalanx	1	HZ	OMD	II	context	5	5	7.273754	0.522027	6.501993	7.802539	1.000000	18	13	0.705882
mouse	phalanx	1	HZ	OPTC	III	not_preselected	5	3	2.282808	2.348163	0.000000	5.571902	0.600000	18	17	0.941176
mouse	phalanx	1	HZ	PODN	V	not_preselected	5	4	2.673749	2.466778	0.000000	6.162864	0.800000	18	16	0.882353
mouse	phalanx	1	HZ	PODNL1	V	not_preselected	5	5	10.122156	0.535122	9.210958	10.559866	1.000000	18	7	0.352941
mouse	phalanx	1	HZ	PRELP	II	final_panel	5	5	10.657258	2.440444	8.842405	14.828906	1.000000	18	6	0.294118
mouse	phalanx	1	HZ	TSKU	IV	not_preselected	5	5	9.028617	0.610054	8.163673	9.849850	1.000000	18	8	0.411765
mouse	phalanx	1	PZ	ASPN	I	background	4	4	6.823994	1.028305	5.587467	7.903119	1.000000	18	14	0.764706
mouse	phalanx	1	PZ	BGN	I	final_panel	4	4	15.286714	0.213133	15.060599	15.486644	1.000000	18	2	0.058824
mouse	phalanx	1	PZ	CHAD	IV	not_preselected	4	4	12.634835	0.537351	12.018413	13.329393	1.000000	18	4	0.176471
mouse	phalanx	1	PZ	CHADL	IV	not_preselected	4	4	11.161887	0.227827	10.877370	11.433248	1.000000	18	5	0.235294
mouse	phalanx	1	PZ	DCN	I	final_panel	4	4	10.665512	0.243873	10.426259	10.973695	1.000000	18	8	0.411765
mouse	phalanx	1	PZ	ECM2	I	not_preselected	4	4	8.833289	0.206402	8.657787	9.118602	1.000000	18	10	0.529412
mouse	phalanx	1	PZ	EPYC	III	final_panel	4	4	11.144543	0.282581	10.771024	11.457605	1.000000	18	6	0.294118
mouse	phalanx	1	PZ	FMOD	II	final_panel	4	4	15.214900	0.226313	15.008062	15.466042	1.000000	18	3	0.117647
mouse	phalanx	1	PZ	KERA	II	not_preselected	4	1	1.131431	2.262863	0.000000	4.525725	0.250000	18	18	1.000000
mouse	phalanx	1	PZ	LUM	II	final_panel	4	4	11.040547	0.144906	10.912462	11.217575	1.000000	18	7	0.352941
mouse	phalanx	1	PZ	NYX	IV	not_preselected	4	4	3.598679	1.061676	2.533100	4.845150	1.000000	18	16	0.882353
mouse	phalanx	1	PZ	OGN	III	final_panel	4	4	8.559910	0.270565	8.191201	8.842097	1.000000	18	11	0.588235
mouse	phalanx	1	PZ	OMD	II	context	4	4	9.115899	0.590345	8.650655	9.979539	1.000000	18	9	0.470588
mouse	phalanx	1	PZ	OPTC	III	not_preselected	4	3	3.057801	2.903701	0.000000	6.980593	0.750000	18	17	0.941176
mouse	phalanx	1	PZ	PODN	V	not_preselected	4	4	4.400955	2.184313	2.323738	6.511958	1.000000	18	15	0.823529
mouse	phalanx	1	PZ	PODNL1	V	not_preselected	4	4	7.043914	0.266251	6.699677	7.296868	1.000000	18	13	0.705882
mouse	phalanx	1	PZ	PRELP	II	final_panel	4	4	15.615887	0.191517	15.444923	15.850935	1.000000	18	1	0.000000
mouse	phalanx	1	PZ	TSKU	IV	not_preselected	4	4	8.307786	0.315739	7.919270	8.692254	1.000000	18	12	0.647059
mouse	tibia	1	HZ	ASPN	I	background	5	5	5.701617	1.366414	3.808445	6.966196	1.000000	18	13	0.705882
mouse	tibia	1	HZ	BGN	I	final_panel	5	5	13.467422	0.278956	13.175329	13.892652	1.000000	18	1	0.000000
mouse	tibia	1	HZ	CHAD	IV	not_preselected	5	5	10.738011	0.757497	9.486885	11.360374	1.000000	18	4	0.176471
mouse	tibia	1	HZ	CHADL	IV	not_preselected	5	5	8.433855	0.841794	7.075279	9.365539	1.000000	18	9	0.470588
mouse	tibia	1	HZ	DCN	I	final_panel	5	5	9.418375	0.916311	8.580765	10.842561	1.000000	18	6	0.294118
mouse	tibia	1	HZ	ECM2	I	not_preselected	5	5	7.253181	0.428595	6.503920	7.564915	1.000000	18	11	0.588235
mouse	tibia	1	HZ	EPYC	III	final_panel	5	5	9.075546	0.754678	8.191476	9.898867	1.000000	18	7	0.352941
mouse	tibia	1	HZ	FMOD	II	final_panel	5	5	11.380249	0.737474	10.366190	12.271478	1.000000	18	2	0.058824
mouse	tibia	1	HZ	KERA	II	not_preselected	5	2	1.793536	2.487675	0.000000	5.044341	0.400000	18	16	0.882353
mouse	tibia	1	HZ	LUM	II	final_panel	5	5	9.812444	0.827983	8.991144	10.914717	1.000000	18	5	0.235294
mouse	tibia	1	HZ	NYX	IV	not_preselected	5	0	0.000000	0.000000	0.000000	0.000000	0.000000	18	18	1.000000
mouse	tibia	1	HZ	OGN	III	final_panel	5	5	6.698670	0.657193	5.864101	7.639578	1.000000	18	12	0.647059
mouse	tibia	1	HZ	OMD	II	context	5	5	5.355446	1.230601	3.385154	6.518271	1.000000	18	14	0.764706
mouse	tibia	1	HZ	OPTC	III	not_preselected	5	2	1.223963	1.915132	0.000000	4.370496	0.400000	18	17	0.941176
mouse	tibia	1	HZ	PODN	V	not_preselected	5	3	3.354868	3.111577	0.000000	6.419012	0.600000	18	15	0.823529
mouse	tibia	1	HZ	PODNL1	V	not_preselected	5	5	9.062034	0.524274	8.214265	9.575161	1.000000	18	8	0.411765
mouse	tibia	1	HZ	PRELP	II	final_panel	5	5	10.932793	1.225439	9.236860	12.371173	1.000000	18	3	0.117647
mouse	tibia	1	HZ	TSKU	IV	not_preselected	5	5	7.254191	1.084704	5.798165	8.413415	1.000000	18	10	0.529412
mouse	tibia	1	PZ	ASPN	I	background	5	5	5.486562	0.434836	4.841471	5.981041	1.000000	18	14	0.764706
mouse	tibia	1	PZ	BGN	I	final_panel	5	5	14.664121	0.245841	14.341576	14.949210	1.000000	18	3	0.117647
mouse	tibia	1	PZ	CHAD	IV	not_preselected	5	5	10.952346	0.166815	10.671242	11.085169	1.000000	18	6	0.294118
mouse	tibia	1	PZ	CHADL	IV	not_preselected	5	5	10.924163	0.058777	10.845183	10.999898	1.000000	18	7	0.352941
mouse	tibia	1	PZ	DCN	I	final_panel	5	5	9.744657	0.445681	9.277737	10.254794	1.000000	18	8	0.411765
mouse	tibia	1	PZ	ECM2	I	not_preselected	5	5	7.539640	0.241258	7.319735	7.946671	1.000000	18	11	0.588235
mouse	tibia	1	PZ	EPYC	III	final_panel	5	5	12.269011	0.276323	11.822281	12.525865	1.000000	18	4	0.176471
mouse	tibia	1	PZ	FMOD	II	final_panel	5	5	15.385949	0.163029	15.117755	15.537857	1.000000	18	2	0.058824
mouse	tibia	1	PZ	KERA	II	not_preselected	5	0	0.000000	0.000000	0.000000	0.000000	0.000000	18	18	1.000000
mouse	tibia	1	PZ	LUM	II	final_panel	5	5	11.522226	0.223383	11.223676	11.845377	1.000000	18	5	0.235294
mouse	tibia	1	PZ	NYX	IV	not_preselected	5	5	3.411901	1.274691	2.412162	5.262481	1.000000	18	16	0.882353
mouse	tibia	1	PZ	OGN	III	final_panel	5	5	7.628940	0.440654	7.232834	8.353145	1.000000	18	10	0.529412
mouse	tibia	1	PZ	OMD	II	context	5	5	7.526254	0.413711	7.109856	8.207483	1.000000	18	12	0.647059
mouse	tibia	1	PZ	OPTC	III	not_preselected	5	5	4.946705	0.876277	4.047984	6.124926	1.000000	18	15	0.823529
mouse	tibia	1	PZ	PODN	V	not_preselected	5	5	2.780258	2.008512	0.936729	6.087506	1.000000	18	17	0.941176
mouse	tibia	1	PZ	PODNL1	V	not_preselected	5	5	6.127728	0.476193	5.466859	6.763805	1.000000	18	13	0.705882
mouse	tibia	1	PZ	PRELP	II	final_panel	5	5	16.248243	0.128703	16.034304	16.376928	1.000000	18	1	0.000000
mouse	tibia	1	PZ	TSKU	IV	not_preselected	5	5	8.731586	0.388412	8.275181	9.284013	1.000000	18	9	0.470588
mouse	tibia	4	HZ	ASPN	I	background	5	5	5.049848	1.045176	3.754613	6.292766	1.000000	18	14	0.764706
mouse	tibia	4	HZ	BGN	I	final_panel	5	5	14.949062	0.177293	14.704182	15.133142	1.000000	18	2	0.058824
mouse	tibia	4	HZ	CHAD	IV	not_preselected	5	5	14.953321	0.551020	14.312896	15.656560	1.000000	18	1	0.000000
mouse	tibia	4	HZ	CHADL	IV	not_preselected	5	5	8.487313	0.615210	7.796904	9.126664	1.000000	18	9	0.470588
mouse	tibia	4	HZ	DCN	I	final_panel	5	5	10.742479	0.489320	10.015338	11.310403	1.000000	18	6	0.294118
mouse	tibia	4	HZ	ECM2	I	not_preselected	5	5	8.128608	0.685214	7.663518	9.290357	1.000000	18	10	0.529412
mouse	tibia	4	HZ	EPYC	III	final_panel	5	5	9.523940	0.353322	8.928399	9.855853	1.000000	18	7	0.352941
mouse	tibia	4	HZ	FMOD	II	final_panel	5	5	12.962895	0.345931	12.489451	13.260209	1.000000	18	3	0.117647
mouse	tibia	4	HZ	KERA	II	not_preselected	5	0	0.000000	0.000000	0.000000	0.000000	0.000000	18	18	1.000000
mouse	tibia	4	HZ	LUM	II	final_panel	5	5	11.076050	0.204128	10.801898	11.340366	1.000000	18	5	0.235294
mouse	tibia	4	HZ	NYX	IV	not_preselected	5	2	1.622932	2.372356	0.000000	5.231633	0.400000	18	17	0.941176
mouse	tibia	4	HZ	OGN	III	final_panel	5	5	6.552600	0.836386	5.752474	7.704123	1.000000	18	13	0.705882
mouse	tibia	4	HZ	OMD	II	context	5	5	7.087120	1.135100	5.944417	8.830320	1.000000	18	12	0.647059
mouse	tibia	4	HZ	OPTC	III	not_preselected	5	4	2.042544	1.575821	0.000000	4.220065	0.800000	18	16	0.882353
mouse	tibia	4	HZ	PODN	V	not_preselected	5	5	3.598023	1.813031	1.757221	5.836319	1.000000	18	15	0.823529
mouse	tibia	4	HZ	PODNL1	V	not_preselected	5	5	9.408307	0.491361	8.915935	10.138220	1.000000	18	8	0.411765
mouse	tibia	4	HZ	PRELP	II	final_panel	5	5	11.330741	0.903071	9.946193	12.431931	1.000000	18	4	0.176471
mouse	tibia	4	HZ	TSKU	IV	not_preselected	5	5	7.366307	1.207912	5.265462	8.329875	1.000000	18	11	0.588235
mouse	tibia	4	PZ	ASPN	I	background	5	5	6.006436	0.705533	4.972219	6.917717	1.000000	18	14	0.764706
mouse	tibia	4	PZ	BGN	I	final_panel	5	5	16.278085	0.177599	16.034767	16.417943	1.000000	18	3	0.117647
mouse	tibia	4	PZ	CHAD	IV	not_preselected	5	5	15.715877	0.426681	15.348168	16.322180	1.000000	18	4	0.176471
mouse	tibia	4	PZ	CHADL	IV	not_preselected	5	5	11.186760	0.227982	10.836146	11.412715	1.000000	18	7	0.352941
mouse	tibia	4	PZ	DCN	I	final_panel	5	5	10.586679	0.453452	10.056884	11.099790	1.000000	18	8	0.411765
mouse	tibia	4	PZ	ECM2	I	not_preselected	5	5	8.496158	0.293809	8.163512	8.920417	1.000000	18	12	0.647059
mouse	tibia	4	PZ	EPYC	III	final_panel	5	5	12.604077	0.164763	12.438281	12.794242	1.000000	18	5	0.235294
mouse	tibia	4	PZ	FMOD	II	final_panel	5	5	16.446174	0.161888	16.218510	16.598624	1.000000	18	2	0.058824
mouse	tibia	4	PZ	KERA	II	not_preselected	5	1	0.675668	1.510840	0.000000	3.378341	0.200000	18	18	1.000000
mouse	tibia	4	PZ	LUM	II	final_panel	5	5	12.339106	0.112630	12.178753	12.451219	1.000000	18	6	0.294118
mouse	tibia	4	PZ	NYX	IV	not_preselected	5	5	3.251766	0.752857	2.135491	3.929974	1.000000	18	17	0.941176
mouse	tibia	4	PZ	OGN	III	final_panel	5	5	8.710714	0.210292	8.503240	9.015762	1.000000	18	10	0.529412
mouse	tibia	4	PZ	OMD	II	context	5	5	9.019072	0.292724	8.785116	9.523129	1.000000	18	9	0.470588
mouse	tibia	4	PZ	OPTC	III	not_preselected	5	5	4.225786	1.373091	2.250812	5.516026	1.000000	18	15	0.823529
mouse	tibia	4	PZ	PODN	V	not_preselected	5	5	3.963742	1.259365	1.825054	5.021259	1.000000	18	16	0.882353
mouse	tibia	4	PZ	PODNL1	V	not_preselected	5	5	6.686740	0.543760	5.832859	7.270314	1.000000	18	13	0.705882
mouse	tibia	4	PZ	PRELP	II	final_panel	5	5	16.878605	0.236593	16.534383	17.132187	1.000000	18	1	0.000000
mouse	tibia	4	PZ	TSKU	IV	not_preselected	5	5	8.573685	0.246602	8.296102	8.876897	1.000000	18	11	0.588235
rat	phalanx	1	HZ	ASPN	I	background	5	2	0.373734	0.528919	0.000000	1.123338	0.400000	14	13	0.923077
rat	phalanx	1	HZ	BGN	I	final_panel	5	5	16.597921	0.267067	16.244608	16.870788	1.000000	14	1	0.000000
rat	phalanx	1	HZ	CHAD	IV	not_preselected	5	5	12.095811	0.303688	11.650801	12.486175	1.000000	14	5	0.307692
rat	phalanx	1	HZ	DCN	I	final_panel	5	5	10.322101	0.570266	9.417766	10.824676	1.000000	14	7	0.461538
rat	phalanx	1	HZ	EPYC	III	final_panel	5	5	10.700885	0.604577	9.771988	11.456657	1.000000	14	6	0.384615
rat	phalanx	1	HZ	FMOD	II	final_panel	5	5	15.537639	0.650227	15.039341	16.586511	1.000000	14	2	0.076923
rat	phalanx	1	HZ	KERA	II	not_preselected	5	5	5.125192	3.075939	1.126764	8.962660	1.000000	14	9	0.615385
rat	phalanx	1	HZ	LUM	II	final_panel	5	5	13.586863	0.157348	13.339100	13.738590	1.000000	14	3	0.153846
rat	phalanx	1	HZ	NYX	IV	not_preselected	5	3	2.269236	2.695409	0.000000	6.485477	0.600000	14	11	0.769231
rat	phalanx	1	HZ	OGN	III	final_panel	5	1	0.224668	0.502372	0.000000	1.123338	0.200000	14	14	1.000000
rat	phalanx	1	HZ	OMD	II	context	5	2	0.596301	0.836409	0.000000	1.747177	0.400000	14	12	0.846154
rat	phalanx	1	HZ	OPTC	III	not_preselected	5	5	3.823477	1.877577	1.186390	5.951224	1.000000	14	10	0.692308
rat	phalanx	1	HZ	PRELP	II	final_panel	5	5	12.530174	0.636085	11.842925	13.344642	1.000000	14	4	0.230769
rat	phalanx	1	HZ	TSKU	IV	not_preselected	5	5	9.627588	0.319888	9.216367	10.090811	1.000000	14	8	0.538462
rat	phalanx	1	PZ	ASPN	I	background	5	0	0.000000	0.000000	0.000000	0.000000	0.000000	14	14	1.000000
rat	phalanx	1	PZ	BGN	I	final_panel	5	5	17.222102	0.536946	16.745915	18.129195	1.000000	14	2	0.076923
rat	phalanx	1	PZ	CHAD	IV	not_preselected	5	5	10.845850	0.415985	10.408882	11.428227	1.000000	14	6	0.384615
rat	phalanx	1	PZ	DCN	I	final_panel	5	5	10.509722	0.573906	9.936922	11.468955	1.000000	14	7	0.461538
rat	phalanx	1	PZ	EPYC	III	final_panel	5	5	12.484124	0.366121	12.118229	13.059026	1.000000	14	5	0.307692
rat	phalanx	1	PZ	FMOD	II	final_panel	5	5	17.648331	0.425312	17.019657	18.186295	1.000000	14	1	0.000000
rat	phalanx	1	PZ	KERA	II	not_preselected	5	4	3.917593	2.448004	0.000000	6.238035	0.800000	14	10	0.692308
rat	phalanx	1	PZ	LUM	II	final_panel	5	5	13.213519	0.468956	12.772417	13.970428	1.000000	14	4	0.230769
rat	phalanx	1	PZ	NYX	IV	not_preselected	5	2	1.015602	1.461158	0.000000	3.173069	0.400000	14	12	0.846154
rat	phalanx	1	PZ	OGN	III	final_panel	5	5	2.460941	0.795902	1.429076	3.325112	1.000000	14	11	0.769231
rat	phalanx	1	PZ	OMD	II	context	5	1	0.229043	0.512157	0.000000	1.145217	0.200000	14	13	0.923077
rat	phalanx	1	PZ	OPTC	III	not_preselected	5	5	8.493081	0.227329	8.239876	8.726969	1.000000	14	9	0.615385
rat	phalanx	1	PZ	PRELP	II	final_panel	5	5	14.781138	0.461206	14.184822	15.417105	1.000000	14	3	0.153846
rat	phalanx	1	PZ	TSKU	IV	not_preselected	5	5	8.881306	0.342626	8.432499	9.368876	1.000000	14	8	0.538462
rat	tibia	1	HZ	ASPN	I	background	5	0	0.000000	0.000000	0.000000	0.000000	0.000000	14	12	0.846154
rat	tibia	1	HZ	BGN	I	final_panel	5	5	16.130745	0.362742	15.602500	16.496858	1.000000	14	1	0.000000
rat	tibia	1	HZ	CHAD	IV	not_preselected	5	5	10.031028	0.709085	9.336925	11.222052	1.000000	14	6	0.384615
rat	tibia	1	HZ	DCN	I	final_panel	5	5	8.356759	0.478555	7.586331	8.717848	1.000000	14	8	0.538462
rat	tibia	1	HZ	EPYC	III	final_panel	5	5	10.369768	0.653409	9.564372	11.145044	1.000000	14	5	0.307692
rat	tibia	1	HZ	FMOD	II	final_panel	5	5	15.196439	0.506811	14.714929	16.031871	1.000000	14	2	0.076923
rat	tibia	1	HZ	KERA	II	not_preselected	5	2	1.433948	1.991879	0.000000	4.058566	0.400000	14	10	0.692308
rat	tibia	1	HZ	LUM	II	final_panel	5	5	11.499894	0.292604	11.230488	11.824827	1.000000	14	4	0.230769
rat	tibia	1	HZ	NYX	IV	not_preselected	5	0	0.000000	0.000000	0.000000	0.000000	0.000000	14	12	0.846154
rat	tibia	1	HZ	OGN	III	final_panel	5	1	0.430419	0.962446	0.000000	2.152094	0.200000	14	11	0.769231
rat	tibia	1	HZ	OMD	II	context	5	0	0.000000	0.000000	0.000000	0.000000	0.000000	14	12	0.846154
rat	tibia	1	HZ	OPTC	III	not_preselected	5	4	3.038218	2.061188	0.000000	5.076801	0.800000	14	9	0.615385
rat	tibia	1	HZ	PRELP	II	final_panel	5	5	12.150540	0.578724	11.592462	13.094087	1.000000	14	3	0.153846
rat	tibia	1	HZ	TSKU	IV	not_preselected	5	5	9.598618	0.333054	9.179197	10.091826	1.000000	14	7	0.461538
rat	tibia	1	PZ	ASPN	I	background	5	0	0.000000	0.000000	0.000000	0.000000	0.000000	14	13	0.923077
rat	tibia	1	PZ	BGN	I	final_panel	5	5	17.217200	0.133878	17.089011	17.424664	1.000000	14	2	0.076923
rat	tibia	1	PZ	CHAD	IV	not_preselected	5	5	9.738813	0.162622	9.588176	10.017396	1.000000	14	6	0.384615
rat	tibia	1	PZ	DCN	I	final_panel	5	5	7.355320	0.707754	6.292209	7.962984	1.000000	14	9	0.615385
rat	tibia	1	PZ	EPYC	III	final_panel	5	5	12.889372	0.164921	12.754587	13.156317	1.000000	14	4	0.230769
rat	tibia	1	PZ	FMOD	II	final_panel	5	5	17.963761	0.275794	17.744626	18.430923	1.000000	14	1	0.000000
rat	tibia	1	PZ	KERA	II	not_preselected	5	2	0.676346	0.929673	0.000000	1.805610	0.400000	14	12	0.846154
rat	tibia	1	PZ	LUM	II	final_panel	5	5	12.241604	0.174363	12.071365	12.520686	1.000000	14	5	0.307692
rat	tibia	1	PZ	NYX	IV	not_preselected	5	2	0.768853	1.089812	0.000000	2.320408	0.400000	14	11	0.769231
rat	tibia	1	PZ	OGN	III	final_panel	5	4	1.954970	1.268965	0.000000	3.367518	0.800000	14	10	0.692308
rat	tibia	1	PZ	OMD	II	context	5	0	0.000000	0.000000	0.000000	0.000000	0.000000	14	13	0.923077
rat	tibia	1	PZ	OPTC	III	not_preselected	5	5	8.235134	0.244032	8.003732	8.575466	1.000000	14	8	0.538462
rat	tibia	1	PZ	PRELP	II	final_panel	5	5	15.750132	0.316803	15.525233	16.303617	1.000000	14	3	0.153846
rat	tibia	1	PZ	TSKU	IV	not_preselected	5	5	8.986337	0.396891	8.626247	9.652069	1.000000	14	7	0.461538
rat	tibia	4	HZ	ASPN	I	background	5	0	0.000000	0.000000	0.000000	0.000000	0.000000	14	13	0.923077
rat	tibia	4	HZ	BGN	I	final_panel	5	5	16.934273	0.469594	16.350861	17.590911	1.000000	14	1	0.000000
rat	tibia	4	HZ	CHAD	IV	not_preselected	5	5	10.723990	0.415284	10.224312	11.118656	1.000000	14	5	0.307692
rat	tibia	4	HZ	DCN	I	final_panel	5	5	9.420219	1.054367	8.314620	10.657382	1.000000	14	6	0.384615
rat	tibia	4	HZ	EPYC	III	final_panel	5	5	8.860033	0.649732	8.289647	9.917695	1.000000	14	8	0.538462
rat	tibia	4	HZ	FMOD	II	final_panel	5	5	16.899533	0.817901	16.054948	18.155464	1.000000	14	2	0.076923
rat	tibia	4	HZ	KERA	II	not_preselected	5	1	0.266948	0.596914	0.000000	1.334741	0.200000	14	12	0.846154
rat	tibia	4	HZ	LUM	II	final_panel	5	5	11.477071	0.730582	10.402133	12.321425	1.000000	14	4	0.230769
rat	tibia	4	HZ	NYX	IV	not_preselected	5	5	4.024109	0.463296	3.502424	4.465992	1.000000	14	10	0.692308
rat	tibia	4	HZ	OGN	III	final_panel	5	2	0.700830	1.003998	0.000000	2.169407	0.400000	14	11	0.769231
rat	tibia	4	HZ	OMD	II	context	5	0	0.000000	0.000000	0.000000	0.000000	0.000000	14	13	0.923077
rat	tibia	4	HZ	OPTC	III	not_preselected	5	5	4.098807	1.089723	2.464817	5.432977	1.000000	14	9	0.615385
rat	tibia	4	HZ	PRELP	II	final_panel	5	5	13.587706	0.951086	12.693970	15.078564	1.000000	14	3	0.153846
rat	tibia	4	HZ	TSKU	IV	not_preselected	5	5	9.223187	0.226766	8.928890	9.525671	1.000000	14	7	0.461538
rat	tibia	4	PZ	ASPN	I	background	5	0	0.000000	0.000000	0.000000	0.000000	0.000000	14	12	0.846154
rat	tibia	4	PZ	BGN	I	final_panel	5	5	17.726546	0.120022	17.545097	17.838792	1.000000	14	2	0.076923
rat	tibia	4	PZ	CHAD	IV	not_preselected	5	5	11.485957	0.252316	11.225586	11.893443	1.000000	14	4	0.230769
rat	tibia	4	PZ	DCN	I	final_panel	5	5	6.948287	1.642605	4.595953	8.260872	1.000000	14	9	0.615385
rat	tibia	4	PZ	EPYC	III	final_panel	5	5	10.278583	0.282932	9.923369	10.654219	1.000000	14	5	0.307692
rat	tibia	4	PZ	FMOD	II	final_panel	5	5	18.849649	0.185486	18.533468	18.982925	1.000000	14	1	0.000000
rat	tibia	4	PZ	KERA	II	not_preselected	5	0	0.000000	0.000000	0.000000	0.000000	0.000000	14	12	0.846154
rat	tibia	4	PZ	LUM	II	final_panel	5	5	9.801243	0.687037	9.085104	10.524040	1.000000	14	6	0.384615
rat	tibia	4	PZ	NYX	IV	not_preselected	5	5	2.439052	1.372833	0.832801	4.469215	1.000000	14	10	0.692308
rat	tibia	4	PZ	OGN	III	final_panel	5	4	1.284140	0.952089	0.000000	2.322301	0.800000	14	11	0.769231
rat	tibia	4	PZ	OMD	II	context	5	0	0.000000	0.000000	0.000000	0.000000	0.000000	14	12	0.846154
rat	tibia	4	PZ	OPTC	III	not_preselected	5	5	7.722881	0.376413	7.245648	8.072482	1.000000	14	8	0.538462
rat	tibia	4	PZ	PRELP	II	final_panel	5	5	16.362486	0.308810	16.087376	16.796494	1.000000	14	3	0.153846
rat	tibia	4	PZ	TSKU	IV	not_preselected	5	5	8.783400	0.250117	8.435750	9.083028	1.000000	14	7	0.461538
