species	gene	role	expected_zone	source_identifier	source_row	sample	published_sample_name	bone	age_weeks	zone	replicate	normalized_value	detected	source_accession	source_url
mouse	SOX9	cartilage_lineage_control	none	SOX9	16932	1wPh_HZ1	1wPh_HZ1	phalanx	1	HZ	1	10.449722197075	yes	GSE114919	https://www.ncbi.nlm.nih.gov/geo/query/acc.cgi?acc=GSE114919
mouse	SOX9	cartilage_lineage_control	none	SOX9	16932	1wPh_HZ2	1wPh_HZ2	phalanx	1	HZ	2	9.25383002789239	yes	GSE114919	https://www.ncbi.nlm.nih.gov/geo/query/acc.cgi?acc=GSE114919
mouse	SOX9	cartilage_lineage_control	none	SOX9	16932	1wPh_HZ3	1wPh_HZ3	phalanx	1	HZ	3	8.7249504092093	yes	GSE114919	https://www.ncbi.nlm.nih.gov/geo/query/acc.cgi?acc=GSE114919
mouse	SOX9	cartilage_lineage_control	none	SOX9	16932	1wPh_HZ4	1wPh_HZ4	phalanx	1	HZ	4	10.6611290732335	yes	GSE114919	https://www.ncbi.nlm.nih.gov/geo/query/acc.cgi?acc=GSE114919
mouse	SOX9	cartilage_lineage_control	none	SOX9	16932	1wPh_HZ5	1wPh_HZ5	phalanx	1	HZ	5	12.1626164509367	yes	GSE114919	https://www.ncbi.nlm.nih.gov/geo/query/acc.cgi?acc=GSE114919
mouse	SOX9	cartilage_lineage_control	none	SOX9	16932	1wT_HZ1	1wT_HZ1	tibia	1	HZ	1	12.2810061810762	yes	GSE114919	https://www.ncbi.nlm.nih.gov/geo/query/acc.cgi?acc=GSE114919
mouse	SOX9	cartilage_lineage_control	none	SOX9	16932	1wT_HZ2	1wT_HZ2	tibia	1	HZ	2	11.5157604910605	yes	GSE114919	https://www.ncbi.nlm.nih.gov/geo/query/acc.cgi?acc=GSE114919
mouse	SOX9	cartilage_lineage_control	none	SOX9	16932	1wT_HZ3	1wT_HZ3	tibia	1	HZ	3	12.6787136004853	yes	GSE114919	https://www.ncbi.nlm.nih.gov/geo/query/acc.cgi?acc=GSE114919
mouse	SOX9	cartilage_lineage_control	none	SOX9	16932	1wT_HZ4	1wT_HZ4	tibia	1	HZ	4	11.5858821594294	yes	GSE114919	https://www.ncbi.nlm.nih.gov/geo/query/acc.cgi?acc=GSE114919
mouse	SOX9	cartilage_lineage_control	none	SOX9	16932	1wT_HZ5	1wT_HZ5	tibia	1	HZ	5	11.0563198337065	yes	GSE114919	https://www.ncbi.nlm.nih.gov/geo/query/acc.cgi?acc=GSE114919
mouse	SOX9	cartilage_lineage_control	none	SOX9	16932	4wT_HZ1	4wT_HZ1	tibia	4	HZ	1	10.6330930233382	yes	GSE114919	https://www.ncbi.nlm.nih.gov/geo/query/acc.cgi?acc=GSE114919
mouse	SOX9	cartilage_lineage_control	none	SOX9	16932	4wT_HZ2	4wT_HZ2	tibia	4	HZ	2	10.5456799810597	yes	GSE114919	https://www.ncbi.nlm.nih.gov/geo/query/acc.cgi?acc=GSE114919
mouse	SOX9	cartilage_lineage_control	none	SOX9	16932	4wT_HZ3	4wT_HZ3	tibia	4	HZ	3	11.2560724171543	yes	GSE114919	https://www.ncbi.nlm.nih.gov/geo/query/acc.cgi?acc=GSE114919
mouse	SOX9	cartilage_lineage_control	none	SOX9	16932	4wT_HZ4	4wT_HZ4	tibia	4	HZ	4	11.4867765729004	yes	GSE114919	https://www.ncbi.nlm.nih.gov/geo/query/acc.cgi?acc=GSE114919
mouse	SOX9	cartilage_lineage_control	none	SOX9	16932	4wT_HZ5	4wT_HZ5	tibia	4	HZ	5	11.4377405502434	yes	GSE114919	https://www.ncbi.nlm.nih.gov/geo/query/acc.cgi?acc=GSE114919
mouse	SOX9	cartilage_lineage_control	none	SOX9	16932	4wT_PZ1	4wT_PZ1	tibia	4	PZ	1	13.4251423422952	yes	GSE114919	https://www.ncbi.nlm.nih.gov/geo/query/acc.cgi?acc=GSE114919
mouse	SOX9	cartilage_lineage_control	none	SOX9	16932	4wT_PZ2	4wT_PZ2	tibia	4	PZ	2	13.4503126522242	yes	GSE114919	https://www.ncbi.nlm.nih.gov/geo/query/acc.cgi?acc=GSE114919
mouse	SOX9	cartilage_lineage_control	none	SOX9	16932	4wT_PZ3	4wT_PZ3	tibia	4	PZ	3	13.6370442178658	yes	GSE114919	https://www.ncbi.nlm.nih.gov/geo/query/acc.cgi?acc=GSE114919
mouse	SOX9	cartilage_lineage_control	none	SOX9	16932	4wT_PZ4	4wT_PZ4	tibia	4	PZ	4	13.470183402763	yes	GSE114919	https://www.ncbi.nlm.nih.gov/geo/query/acc.cgi?acc=GSE114919
mouse	SOX9	cartilage_lineage_control	none	SOX9	16932	4wT_PZ5	4wT_PZ5	tibia	4	PZ	5	13.6490239673771	yes	GSE114919	https://www.ncbi.nlm.nih.gov/geo/query/acc.cgi?acc=GSE114919
mouse	SOX9	cartilage_lineage_control	none	SOX9	16932	1wP_PZ1	1wP_PZ1	phalanx	1	PZ	1	13.8181452175906	yes	GSE114919	https://www.ncbi.nlm.nih.gov/geo/query/acc.cgi?acc=GSE114919
mouse	SOX9	cartilage_lineage_control	none	SOX9	16932	1wP_PZ2	1wP_PZ2	phalanx	1	PZ	2	13.548949542682	yes	GSE114919	https://www.ncbi.nlm.nih.gov/geo/query/acc.cgi?acc=GSE114919
mouse	SOX9	cartilage_lineage_control	none	SOX9	16932	1wP_PZ4	1wP_PZ4	phalanx	1	PZ	4	13.3108902248632	yes	GSE114919	https://www.ncbi.nlm.nih.gov/geo/query/acc.cgi?acc=GSE114919
mouse	SOX9	cartilage_lineage_control	none	SOX9	16932	1wP_PZ5	1wP_PZ5	phalanx	1	PZ	5	12.9896887580374	yes	GSE114919	https://www.ncbi.nlm.nih.gov/geo/query/acc.cgi?acc=GSE114919
mouse	SOX9	cartilage_lineage_control	none	SOX9	16932	1wT_PZ1	1wT_PZ1	tibia	1	PZ	1	13.444941886476	yes	GSE114919	https://www.ncbi.nlm.nih.gov/geo/query/acc.cgi?acc=GSE114919
mouse	SOX9	cartilage_lineage_control	none	SOX9	16932	1wT_PZ2	1wT_PZ2	tibia	1	PZ	2	13.591668843152	yes	GSE114919	https://www.ncbi.nlm.nih.gov/geo/query/acc.cgi?acc=GSE114919
mouse	SOX9	cartilage_lineage_control	none	SOX9	16932	1wT_PZ3	1wT_PZ3	tibia	1	PZ	3	13.3457933980694	yes	GSE114919	https://www.ncbi.nlm.nih.gov/geo/query/acc.cgi?acc=GSE114919
mouse	SOX9	cartilage_lineage_control	none	SOX9	16932	1wT_PZ4	1wT_PZ4	tibia	1	PZ	4	13.2856117656747	yes	GSE114919	https://www.ncbi.nlm.nih.gov/geo/query/acc.cgi?acc=GSE114919
mouse	SOX9	cartilage_lineage_control	none	SOX9	16932	1wT_PZ5	1wT_PZ5	tibia	1	PZ	5	12.9818666658504	yes	GSE114919	https://www.ncbi.nlm.nih.gov/geo/query/acc.cgi?acc=GSE114919
mouse	COL2A1	cartilage_matrix_control	none	COL2A1	4438	1wPh_HZ1	1wPh_HZ1	phalanx	1	HZ	1	17.8251760710506	yes	GSE114919	https://www.ncbi.nlm.nih.gov/geo/query/acc.cgi?acc=GSE114919
mouse	COL2A1	cartilage_matrix_control	none	COL2A1	4438	1wPh_HZ2	1wPh_HZ2	phalanx	1	HZ	2	16.5111727722919	yes	GSE114919	https://www.ncbi.nlm.nih.gov/geo/query/acc.cgi?acc=GSE114919
mouse	COL2A1	cartilage_matrix_control	none	COL2A1	4438	1wPh_HZ3	1wPh_HZ3	phalanx	1	HZ	3	16.5263031393625	yes	GSE114919	https://www.ncbi.nlm.nih.gov/geo/query/acc.cgi?acc=GSE114919
mouse	COL2A1	cartilage_matrix_control	none	COL2A1	4438	1wPh_HZ4	1wPh_HZ4	phalanx	1	HZ	4	17.7012479136582	yes	GSE114919	https://www.ncbi.nlm.nih.gov/geo/query/acc.cgi?acc=GSE114919
mouse	COL2A1	cartilage_matrix_control	none	COL2A1	4438	1wPh_HZ5	1wPh_HZ5	phalanx	1	HZ	5	19.6813686831034	yes	GSE114919	https://www.ncbi.nlm.nih.gov/geo/query/acc.cgi?acc=GSE114919
mouse	COL2A1	cartilage_matrix_control	none	COL2A1	4438	1wT_HZ1	1wT_HZ1	tibia	1	HZ	1	19.8998702882092	yes	GSE114919	https://www.ncbi.nlm.nih.gov/geo/query/acc.cgi?acc=GSE114919
mouse	COL2A1	cartilage_matrix_control	none	COL2A1	4438	1wT_HZ2	1wT_HZ2	tibia	1	HZ	2	19.2399421388628	yes	GSE114919	https://www.ncbi.nlm.nih.gov/geo/query/acc.cgi?acc=GSE114919
mouse	COL2A1	cartilage_matrix_control	none	COL2A1	4438	1wT_HZ3	1wT_HZ3	tibia	1	HZ	3	19.8409446326639	yes	GSE114919	https://www.ncbi.nlm.nih.gov/geo/query/acc.cgi?acc=GSE114919
mouse	COL2A1	cartilage_matrix_control	none	COL2A1	4438	1wT_HZ4	1wT_HZ4	tibia	1	HZ	4	19.1459434078536	yes	GSE114919	https://www.ncbi.nlm.nih.gov/geo/query/acc.cgi?acc=GSE114919
mouse	COL2A1	cartilage_matrix_control	none	COL2A1	4438	1wT_HZ5	1wT_HZ5	tibia	1	HZ	5	20.2582072836817	yes	GSE114919	https://www.ncbi.nlm.nih.gov/geo/query/acc.cgi?acc=GSE114919
mouse	COL2A1	cartilage_matrix_control	none	COL2A1	4438	4wT_HZ1	4wT_HZ1	tibia	4	HZ	1	19.8543672522395	yes	GSE114919	https://www.ncbi.nlm.nih.gov/geo/query/acc.cgi?acc=GSE114919
mouse	COL2A1	cartilage_matrix_control	none	COL2A1	4438	4wT_HZ2	4wT_HZ2	tibia	4	HZ	2	19.4217971406362	yes	GSE114919	https://www.ncbi.nlm.nih.gov/geo/query/acc.cgi?acc=GSE114919
mouse	COL2A1	cartilage_matrix_control	none	COL2A1	4438	4wT_HZ3	4wT_HZ3	tibia	4	HZ	3	20.3678078362485	yes	GSE114919	https://www.ncbi.nlm.nih.gov/geo/query/acc.cgi?acc=GSE114919
mouse	COL2A1	cartilage_matrix_control	none	COL2A1	4438	4wT_HZ4	4wT_HZ4	tibia	4	HZ	4	20.2980114848877	yes	GSE114919	https://www.ncbi.nlm.nih.gov/geo/query/acc.cgi?acc=GSE114919
mouse	COL2A1	cartilage_matrix_control	none	COL2A1	4438	4wT_HZ5	4wT_HZ5	tibia	4	HZ	5	20.1141862898827	yes	GSE114919	https://www.ncbi.nlm.nih.gov/geo/query/acc.cgi?acc=GSE114919
mouse	COL2A1	cartilage_matrix_control	none	COL2A1	4438	4wT_PZ1	4wT_PZ1	tibia	4	PZ	1	21.2283267130212	yes	GSE114919	https://www.ncbi.nlm.nih.gov/geo/query/acc.cgi?acc=GSE114919
mouse	COL2A1	cartilage_matrix_control	none	COL2A1	4438	4wT_PZ2	4wT_PZ2	tibia	4	PZ	2	21.349238402873	yes	GSE114919	https://www.ncbi.nlm.nih.gov/geo/query/acc.cgi?acc=GSE114919
mouse	COL2A1	cartilage_matrix_control	none	COL2A1	4438	4wT_PZ3	4wT_PZ3	tibia	4	PZ	3	21.4813046598596	yes	GSE114919	https://www.ncbi.nlm.nih.gov/geo/query/acc.cgi?acc=GSE114919
mouse	COL2A1	cartilage_matrix_control	none	COL2A1	4438	4wT_PZ4	4wT_PZ4	tibia	4	PZ	4	21.5594946619503	yes	GSE114919	https://www.ncbi.nlm.nih.gov/geo/query/acc.cgi?acc=GSE114919
mouse	COL2A1	cartilage_matrix_control	none	COL2A1	4438	4wT_PZ5	4wT_PZ5	tibia	4	PZ	5	21.4786179192688	yes	GSE114919	https://www.ncbi.nlm.nih.gov/geo/query/acc.cgi?acc=GSE114919
mouse	COL2A1	cartilage_matrix_control	none	COL2A1	4438	1wP_PZ1	1wP_PZ1	phalanx	1	PZ	1	20.3908551237282	yes	GSE114919	https://www.ncbi.nlm.nih.gov/geo/query/acc.cgi?acc=GSE114919
mouse	COL2A1	cartilage_matrix_control	none	COL2A1	4438	1wP_PZ2	1wP_PZ2	phalanx	1	PZ	2	20.2018684133503	yes	GSE114919	https://www.ncbi.nlm.nih.gov/geo/query/acc.cgi?acc=GSE114919
mouse	COL2A1	cartilage_matrix_control	none	COL2A1	4438	1wP_PZ4	1wP_PZ4	phalanx	1	PZ	4	20.0403617456381	yes	GSE114919	https://www.ncbi.nlm.nih.gov/geo/query/acc.cgi?acc=GSE114919
mouse	COL2A1	cartilage_matrix_control	none	COL2A1	4438	1wP_PZ5	1wP_PZ5	phalanx	1	PZ	5	20.386619110766	yes	GSE114919	https://www.ncbi.nlm.nih.gov/geo/query/acc.cgi?acc=GSE114919
mouse	COL2A1	cartilage_matrix_control	none	COL2A1	4438	1wT_PZ1	1wT_PZ1	tibia	1	PZ	1	20.4681038529313	yes	GSE114919	https://www.ncbi.nlm.nih.gov/geo/query/acc.cgi?acc=GSE114919
mouse	COL2A1	cartilage_matrix_control	none	COL2A1	4438	1wT_PZ2	1wT_PZ2	tibia	1	PZ	2	20.6166663329621	yes	GSE114919	https://www.ncbi.nlm.nih.gov/geo/query/acc.cgi?acc=GSE114919
mouse	COL2A1	cartilage_matrix_control	none	COL2A1	4438	1wT_PZ3	1wT_PZ3	tibia	1	PZ	3	20.4196456851377	yes	GSE114919	https://www.ncbi.nlm.nih.gov/geo/query/acc.cgi?acc=GSE114919
mouse	COL2A1	cartilage_matrix_control	none	COL2A1	4438	1wT_PZ4	1wT_PZ4	tibia	1	PZ	4	20.2801548331507	yes	GSE114919	https://www.ncbi.nlm.nih.gov/geo/query/acc.cgi?acc=GSE114919
mouse	COL2A1	cartilage_matrix_control	none	COL2A1	4438	1wT_PZ5	1wT_PZ5	tibia	1	PZ	5	20.4713254354477	yes	GSE114919	https://www.ncbi.nlm.nih.gov/geo/query/acc.cgi?acc=GSE114919
mouse	ACAN	cartilage_matrix_control	none	ACAN	1451	1wPh_HZ1	1wPh_HZ1	phalanx	1	HZ	1	14.8104973658625	yes	GSE114919	https://www.ncbi.nlm.nih.gov/geo/query/acc.cgi?acc=GSE114919
mouse	ACAN	cartilage_matrix_control	none	ACAN	1451	1wPh_HZ2	1wPh_HZ2	phalanx	1	HZ	2	13.7182644711703	yes	GSE114919	https://www.ncbi.nlm.nih.gov/geo/query/acc.cgi?acc=GSE114919
mouse	ACAN	cartilage_matrix_control	none	ACAN	1451	1wPh_HZ3	1wPh_HZ3	phalanx	1	HZ	3	13.9747554892974	yes	GSE114919	https://www.ncbi.nlm.nih.gov/geo/query/acc.cgi?acc=GSE114919
mouse	ACAN	cartilage_matrix_control	none	ACAN	1451	1wPh_HZ4	1wPh_HZ4	phalanx	1	HZ	4	14.969847653332	yes	GSE114919	https://www.ncbi.nlm.nih.gov/geo/query/acc.cgi?acc=GSE114919
mouse	ACAN	cartilage_matrix_control	none	ACAN	1451	1wPh_HZ5	1wPh_HZ5	phalanx	1	HZ	5	16.3815967014875	yes	GSE114919	https://www.ncbi.nlm.nih.gov/geo/query/acc.cgi?acc=GSE114919
mouse	ACAN	cartilage_matrix_control	none	ACAN	1451	1wT_HZ1	1wT_HZ1	tibia	1	HZ	1	17.2985421267236	yes	GSE114919	https://www.ncbi.nlm.nih.gov/geo/query/acc.cgi?acc=GSE114919
mouse	ACAN	cartilage_matrix_control	none	ACAN	1451	1wT_HZ2	1wT_HZ2	tibia	1	HZ	2	17.0645728569456	yes	GSE114919	https://www.ncbi.nlm.nih.gov/geo/query/acc.cgi?acc=GSE114919
mouse	ACAN	cartilage_matrix_control	none	ACAN	1451	1wT_HZ3	1wT_HZ3	tibia	1	HZ	3	17.1798508997247	yes	GSE114919	https://www.ncbi.nlm.nih.gov/geo/query/acc.cgi?acc=GSE114919
mouse	ACAN	cartilage_matrix_control	none	ACAN	1451	1wT_HZ4	1wT_HZ4	tibia	1	HZ	4	16.6612644549657	yes	GSE114919	https://www.ncbi.nlm.nih.gov/geo/query/acc.cgi?acc=GSE114919
mouse	ACAN	cartilage_matrix_control	none	ACAN	1451	1wT_HZ5	1wT_HZ5	tibia	1	HZ	5	17.7808877684093	yes	GSE114919	https://www.ncbi.nlm.nih.gov/geo/query/acc.cgi?acc=GSE114919
mouse	ACAN	cartilage_matrix_control	none	ACAN	1451	4wT_HZ1	4wT_HZ1	tibia	4	HZ	1	17.1230334643288	yes	GSE114919	https://www.ncbi.nlm.nih.gov/geo/query/acc.cgi?acc=GSE114919
mouse	ACAN	cartilage_matrix_control	none	ACAN	1451	4wT_HZ2	4wT_HZ2	tibia	4	HZ	2	16.6474602645935	yes	GSE114919	https://www.ncbi.nlm.nih.gov/geo/query/acc.cgi?acc=GSE114919
mouse	ACAN	cartilage_matrix_control	none	ACAN	1451	4wT_HZ3	4wT_HZ3	tibia	4	HZ	3	17.7574305746443	yes	GSE114919	https://www.ncbi.nlm.nih.gov/geo/query/acc.cgi?acc=GSE114919
mouse	ACAN	cartilage_matrix_control	none	ACAN	1451	4wT_HZ4	4wT_HZ4	tibia	4	HZ	4	17.5664598360713	yes	GSE114919	https://www.ncbi.nlm.nih.gov/geo/query/acc.cgi?acc=GSE114919
mouse	ACAN	cartilage_matrix_control	none	ACAN	1451	4wT_HZ5	4wT_HZ5	tibia	4	HZ	5	17.5803376346827	yes	GSE114919	https://www.ncbi.nlm.nih.gov/geo/query/acc.cgi?acc=GSE114919
mouse	ACAN	cartilage_matrix_control	none	ACAN	1451	4wT_PZ1	4wT_PZ1	tibia	4	PZ	1	17.6228023995999	yes	GSE114919	https://www.ncbi.nlm.nih.gov/geo/query/acc.cgi?acc=GSE114919
mouse	ACAN	cartilage_matrix_control	none	ACAN	1451	4wT_PZ2	4wT_PZ2	tibia	4	PZ	2	17.5498949138246	yes	GSE114919	https://www.ncbi.nlm.nih.gov/geo/query/acc.cgi?acc=GSE114919
mouse	ACAN	cartilage_matrix_control	none	ACAN	1451	4wT_PZ3	4wT_PZ3	tibia	4	PZ	3	17.6177082398922	yes	GSE114919	https://www.ncbi.nlm.nih.gov/geo/query/acc.cgi?acc=GSE114919
mouse	ACAN	cartilage_matrix_control	none	ACAN	1451	4wT_PZ4	4wT_PZ4	tibia	4	PZ	4	17.8028624563259	yes	GSE114919	https://www.ncbi.nlm.nih.gov/geo/query/acc.cgi?acc=GSE114919
mouse	ACAN	cartilage_matrix_control	none	ACAN	1451	4wT_PZ5	4wT_PZ5	tibia	4	PZ	5	17.8001769690998	yes	GSE114919	https://www.ncbi.nlm.nih.gov/geo/query/acc.cgi?acc=GSE114919
mouse	ACAN	cartilage_matrix_control	none	ACAN	1451	1wP_PZ1	1wP_PZ1	phalanx	1	PZ	1	16.6501276891901	yes	GSE114919	https://www.ncbi.nlm.nih.gov/geo/query/acc.cgi?acc=GSE114919
mouse	ACAN	cartilage_matrix_control	none	ACAN	1451	1wP_PZ2	1wP_PZ2	phalanx	1	PZ	2	16.4996300867798	yes	GSE114919	https://www.ncbi.nlm.nih.gov/geo/query/acc.cgi?acc=GSE114919
mouse	ACAN	cartilage_matrix_control	none	ACAN	1451	1wP_PZ4	1wP_PZ4	phalanx	1	PZ	4	16.3201644184486	yes	GSE114919	https://www.ncbi.nlm.nih.gov/geo/query/acc.cgi?acc=GSE114919
mouse	ACAN	cartilage_matrix_control	none	ACAN	1451	1wP_PZ5	1wP_PZ5	phalanx	1	PZ	5	16.8119673995385	yes	GSE114919	https://www.ncbi.nlm.nih.gov/geo/query/acc.cgi?acc=GSE114919
mouse	ACAN	cartilage_matrix_control	none	ACAN	1451	1wT_PZ1	1wT_PZ1	tibia	1	PZ	1	17.2442750910171	yes	GSE114919	https://www.ncbi.nlm.nih.gov/geo/query/acc.cgi?acc=GSE114919
mouse	ACAN	cartilage_matrix_control	none	ACAN	1451	1wT_PZ2	1wT_PZ2	tibia	1	PZ	2	17.3917438824786	yes	GSE114919	https://www.ncbi.nlm.nih.gov/geo/query/acc.cgi?acc=GSE114919
mouse	ACAN	cartilage_matrix_control	none	ACAN	1451	1wT_PZ3	1wT_PZ3	tibia	1	PZ	3	17.1236551749076	yes	GSE114919	https://www.ncbi.nlm.nih.gov/geo/query/acc.cgi?acc=GSE114919
mouse	ACAN	cartilage_matrix_control	none	ACAN	1451	1wT_PZ4	1wT_PZ4	tibia	1	PZ	4	16.9498444668136	yes	GSE114919	https://www.ncbi.nlm.nih.gov/geo/query/acc.cgi?acc=GSE114919
mouse	ACAN	cartilage_matrix_control	none	ACAN	1451	1wT_PZ5	1wT_PZ5	tibia	1	PZ	5	17.2108045483249	yes	GSE114919	https://www.ncbi.nlm.nih.gov/geo/query/acc.cgi?acc=GSE114919
mouse	COL10A1	hypertrophic_marker	HZ	COL10A1	4417	1wPh_HZ1	1wPh_HZ1	phalanx	1	HZ	1	15.9218233132349	yes	GSE114919	https://www.ncbi.nlm.nih.gov/geo/query/acc.cgi?acc=GSE114919
mouse	COL10A1	hypertrophic_marker	HZ	COL10A1	4417	1wPh_HZ2	1wPh_HZ2	phalanx	1	HZ	2	15.3176740474529	yes	GSE114919	https://www.ncbi.nlm.nih.gov/geo/query/acc.cgi?acc=GSE114919
mouse	COL10A1	hypertrophic_marker	HZ	COL10A1	4417	1wPh_HZ3	1wPh_HZ3	phalanx	1	HZ	3	15.235108280026	yes	GSE114919	https://www.ncbi.nlm.nih.gov/geo/query/acc.cgi?acc=GSE114919
mouse	COL10A1	hypertrophic_marker	HZ	COL10A1	4417	1wPh_HZ4	1wPh_HZ4	phalanx	1	HZ	4	15.8234227555553	yes	GSE114919	https://www.ncbi.nlm.nih.gov/geo/query/acc.cgi?acc=GSE114919
mouse	COL10A1	hypertrophic_marker	HZ	COL10A1	4417	1wPh_HZ5	1wPh_HZ5	phalanx	1	HZ	5	15.8503620537071	yes	GSE114919	https://www.ncbi.nlm.nih.gov/geo/query/acc.cgi?acc=GSE114919
mouse	COL10A1	hypertrophic_marker	HZ	COL10A1	4417	1wT_HZ1	1wT_HZ1	tibia	1	HZ	1	17.171184206111	yes	GSE114919	https://www.ncbi.nlm.nih.gov/geo/query/acc.cgi?acc=GSE114919
mouse	COL10A1	hypertrophic_marker	HZ	COL10A1	4417	1wT_HZ2	1wT_HZ2	tibia	1	HZ	2	17.1904394969037	yes	GSE114919	https://www.ncbi.nlm.nih.gov/geo/query/acc.cgi?acc=GSE114919
mouse	COL10A1	hypertrophic_marker	HZ	COL10A1	4417	1wT_HZ3	1wT_HZ3	tibia	1	HZ	3	17.0038911374632	yes	GSE114919	https://www.ncbi.nlm.nih.gov/geo/query/acc.cgi?acc=GSE114919
mouse	COL10A1	hypertrophic_marker	HZ	COL10A1	4417	1wT_HZ4	1wT_HZ4	tibia	1	HZ	4	16.7801786433511	yes	GSE114919	https://www.ncbi.nlm.nih.gov/geo/query/acc.cgi?acc=GSE114919
mouse	COL10A1	hypertrophic_marker	HZ	COL10A1	4417	1wT_HZ5	1wT_HZ5	tibia	1	HZ	5	18.6672747744835	yes	GSE114919	https://www.ncbi.nlm.nih.gov/geo/query/acc.cgi?acc=GSE114919
mouse	COL10A1	hypertrophic_marker	HZ	COL10A1	4417	4wT_HZ1	4wT_HZ1	tibia	4	HZ	1	18.8027324532941	yes	GSE114919	https://www.ncbi.nlm.nih.gov/geo/query/acc.cgi?acc=GSE114919
mouse	COL10A1	hypertrophic_marker	HZ	COL10A1	4417	4wT_HZ2	4wT_HZ2	tibia	4	HZ	2	18.018915471726	yes	GSE114919	https://www.ncbi.nlm.nih.gov/geo/query/acc.cgi?acc=GSE114919
mouse	COL10A1	hypertrophic_marker	HZ	COL10A1	4417	4wT_HZ3	4wT_HZ3	tibia	4	HZ	3	19.5779752526891	yes	GSE114919	https://www.ncbi.nlm.nih.gov/geo/query/acc.cgi?acc=GSE114919
mouse	COL10A1	hypertrophic_marker	HZ	COL10A1	4417	4wT_HZ4	4wT_HZ4	tibia	4	HZ	4	18.9614556202356	yes	GSE114919	https://www.ncbi.nlm.nih.gov/geo/query/acc.cgi?acc=GSE114919
mouse	COL10A1	hypertrophic_marker	HZ	COL10A1	4417	4wT_HZ5	4wT_HZ5	tibia	4	HZ	5	18.9554832755613	yes	GSE114919	https://www.ncbi.nlm.nih.gov/geo/query/acc.cgi?acc=GSE114919
mouse	COL10A1	hypertrophic_marker	HZ	COL10A1	4417	4wT_PZ1	4wT_PZ1	tibia	4	PZ	1	15.7748281085004	yes	GSE114919	https://www.ncbi.nlm.nih.gov/geo/query/acc.cgi?acc=GSE114919
mouse	COL10A1	hypertrophic_marker	HZ	COL10A1	4417	4wT_PZ2	4wT_PZ2	tibia	4	PZ	2	14.6231538654205	yes	GSE114919	https://www.ncbi.nlm.nih.gov/geo/query/acc.cgi?acc=GSE114919
mouse	COL10A1	hypertrophic_marker	HZ	COL10A1	4417	4wT_PZ3	4wT_PZ3	tibia	4	PZ	3	16.1768954542857	yes	GSE114919	https://www.ncbi.nlm.nih.gov/geo/query/acc.cgi?acc=GSE114919
mouse	COL10A1	hypertrophic_marker	HZ	COL10A1	4417	4wT_PZ4	4wT_PZ4	tibia	4	PZ	4	15.4515882600389	yes	GSE114919	https://www.ncbi.nlm.nih.gov/geo/query/acc.cgi?acc=GSE114919
mouse	COL10A1	hypertrophic_marker	HZ	COL10A1	4417	4wT_PZ5	4wT_PZ5	tibia	4	PZ	5	15.5969356358354	yes	GSE114919	https://www.ncbi.nlm.nih.gov/geo/query/acc.cgi?acc=GSE114919
mouse	COL10A1	hypertrophic_marker	HZ	COL10A1	4417	1wP_PZ1	1wP_PZ1	phalanx	1	PZ	1	10.3014680101731	yes	GSE114919	https://www.ncbi.nlm.nih.gov/geo/query/acc.cgi?acc=GSE114919
mouse	COL10A1	hypertrophic_marker	HZ	COL10A1	4417	1wP_PZ2	1wP_PZ2	phalanx	1	PZ	2	12.1042615880319	yes	GSE114919	https://www.ncbi.nlm.nih.gov/geo/query/acc.cgi?acc=GSE114919
mouse	COL10A1	hypertrophic_marker	HZ	COL10A1	4417	1wP_PZ4	1wP_PZ4	phalanx	1	PZ	4	12.0560269779007	yes	GSE114919	https://www.ncbi.nlm.nih.gov/geo/query/acc.cgi?acc=GSE114919
mouse	COL10A1	hypertrophic_marker	HZ	COL10A1	4417	1wP_PZ5	1wP_PZ5	phalanx	1	PZ	5	14.3003407885205	yes	GSE114919	https://www.ncbi.nlm.nih.gov/geo/query/acc.cgi?acc=GSE114919
mouse	COL10A1	hypertrophic_marker	HZ	COL10A1	4417	1wT_PZ1	1wT_PZ1	tibia	1	PZ	1	11.13217042064	yes	GSE114919	https://www.ncbi.nlm.nih.gov/geo/query/acc.cgi?acc=GSE114919
mouse	COL10A1	hypertrophic_marker	HZ	COL10A1	4417	1wT_PZ2	1wT_PZ2	tibia	1	PZ	2	12.6046925538478	yes	GSE114919	https://www.ncbi.nlm.nih.gov/geo/query/acc.cgi?acc=GSE114919
mouse	COL10A1	hypertrophic_marker	HZ	COL10A1	4417	1wT_PZ3	1wT_PZ3	tibia	1	PZ	3	10.9245443099978	yes	GSE114919	https://www.ncbi.nlm.nih.gov/geo/query/acc.cgi?acc=GSE114919
mouse	COL10A1	hypertrophic_marker	HZ	COL10A1	4417	1wT_PZ4	1wT_PZ4	tibia	1	PZ	4	11.1378490941631	yes	GSE114919	https://www.ncbi.nlm.nih.gov/geo/query/acc.cgi?acc=GSE114919
mouse	COL10A1	hypertrophic_marker	HZ	COL10A1	4417	1wT_PZ5	1wT_PZ5	tibia	1	PZ	5	12.3586885682093	yes	GSE114919	https://www.ncbi.nlm.nih.gov/geo/query/acc.cgi?acc=GSE114919
mouse	MMP13	hypertrophic_marker	HZ	MMP13	11632	1wPh_HZ1	1wPh_HZ1	phalanx	1	HZ	1	16.614459396784	yes	GSE114919	https://www.ncbi.nlm.nih.gov/geo/query/acc.cgi?acc=GSE114919
mouse	MMP13	hypertrophic_marker	HZ	MMP13	11632	1wPh_HZ2	1wPh_HZ2	phalanx	1	HZ	2	16.5063466217138	yes	GSE114919	https://www.ncbi.nlm.nih.gov/geo/query/acc.cgi?acc=GSE114919
mouse	MMP13	hypertrophic_marker	HZ	MMP13	11632	1wPh_HZ3	1wPh_HZ3	phalanx	1	HZ	3	16.182963391464	yes	GSE114919	https://www.ncbi.nlm.nih.gov/geo/query/acc.cgi?acc=GSE114919
mouse	MMP13	hypertrophic_marker	HZ	MMP13	11632	1wPh_HZ4	1wPh_HZ4	phalanx	1	HZ	4	16.3808420664198	yes	GSE114919	https://www.ncbi.nlm.nih.gov/geo/query/acc.cgi?acc=GSE114919
mouse	MMP13	hypertrophic_marker	HZ	MMP13	11632	1wPh_HZ5	1wPh_HZ5	phalanx	1	HZ	5	15.6451013049902	yes	GSE114919	https://www.ncbi.nlm.nih.gov/geo/query/acc.cgi?acc=GSE114919
mouse	MMP13	hypertrophic_marker	HZ	MMP13	11632	1wT_HZ1	1wT_HZ1	tibia	1	HZ	1	13.9226228109435	yes	GSE114919	https://www.ncbi.nlm.nih.gov/geo/query/acc.cgi?acc=GSE114919
mouse	MMP13	hypertrophic_marker	HZ	MMP13	11632	1wT_HZ2	1wT_HZ2	tibia	1	HZ	2	16.2524215543635	yes	GSE114919	https://www.ncbi.nlm.nih.gov/geo/query/acc.cgi?acc=GSE114919
mouse	MMP13	hypertrophic_marker	HZ	MMP13	11632	1wT_HZ3	1wT_HZ3	tibia	1	HZ	3	15.0287960473743	yes	GSE114919	https://www.ncbi.nlm.nih.gov/geo/query/acc.cgi?acc=GSE114919
mouse	MMP13	hypertrophic_marker	HZ	MMP13	11632	1wT_HZ4	1wT_HZ4	tibia	1	HZ	4	16.0206714953231	yes	GSE114919	https://www.ncbi.nlm.nih.gov/geo/query/acc.cgi?acc=GSE114919
mouse	MMP13	hypertrophic_marker	HZ	MMP13	11632	1wT_HZ5	1wT_HZ5	tibia	1	HZ	5	15.069561344453	yes	GSE114919	https://www.ncbi.nlm.nih.gov/geo/query/acc.cgi?acc=GSE114919
mouse	MMP13	hypertrophic_marker	HZ	MMP13	11632	4wT_HZ1	4wT_HZ1	tibia	4	HZ	1	16.3976021565137	yes	GSE114919	https://www.ncbi.nlm.nih.gov/geo/query/acc.cgi?acc=GSE114919
mouse	MMP13	hypertrophic_marker	HZ	MMP13	11632	4wT_HZ2	4wT_HZ2	tibia	4	HZ	2	16.9508808894701	yes	GSE114919	https://www.ncbi.nlm.nih.gov/geo/query/acc.cgi?acc=GSE114919
mouse	MMP13	hypertrophic_marker	HZ	MMP13	11632	4wT_HZ3	4wT_HZ3	tibia	4	HZ	3	15.8692272454069	yes	GSE114919	https://www.ncbi.nlm.nih.gov/geo/query/acc.cgi?acc=GSE114919
mouse	MMP13	hypertrophic_marker	HZ	MMP13	11632	4wT_HZ4	4wT_HZ4	tibia	4	HZ	4	15.6082182814931	yes	GSE114919	https://www.ncbi.nlm.nih.gov/geo/query/acc.cgi?acc=GSE114919
mouse	MMP13	hypertrophic_marker	HZ	MMP13	11632	4wT_HZ5	4wT_HZ5	tibia	4	HZ	5	15.2259095046944	yes	GSE114919	https://www.ncbi.nlm.nih.gov/geo/query/acc.cgi?acc=GSE114919
mouse	MMP13	hypertrophic_marker	HZ	MMP13	11632	4wT_PZ1	4wT_PZ1	tibia	4	PZ	1	12.4156267420125	yes	GSE114919	https://www.ncbi.nlm.nih.gov/geo/query/acc.cgi?acc=GSE114919
mouse	MMP13	hypertrophic_marker	HZ	MMP13	11632	4wT_PZ2	4wT_PZ2	tibia	4	PZ	2	12.8377524402776	yes	GSE114919	https://www.ncbi.nlm.nih.gov/geo/query/acc.cgi?acc=GSE114919
mouse	MMP13	hypertrophic_marker	HZ	MMP13	11632	4wT_PZ3	4wT_PZ3	tibia	4	PZ	3	9.96430555221939	yes	GSE114919	https://www.ncbi.nlm.nih.gov/geo/query/acc.cgi?acc=GSE114919
mouse	MMP13	hypertrophic_marker	HZ	MMP13	11632	4wT_PZ4	4wT_PZ4	tibia	4	PZ	4	10.5816867317995	yes	GSE114919	https://www.ncbi.nlm.nih.gov/geo/query/acc.cgi?acc=GSE114919
mouse	MMP13	hypertrophic_marker	HZ	MMP13	11632	4wT_PZ5	4wT_PZ5	tibia	4	PZ	5	11.7612301669879	yes	GSE114919	https://www.ncbi.nlm.nih.gov/geo/query/acc.cgi?acc=GSE114919
mouse	MMP13	hypertrophic_marker	HZ	MMP13	11632	1wP_PZ1	1wP_PZ1	phalanx	1	PZ	1	11.8063921746368	yes	GSE114919	https://www.ncbi.nlm.nih.gov/geo/query/acc.cgi?acc=GSE114919
mouse	MMP13	hypertrophic_marker	HZ	MMP13	11632	1wP_PZ2	1wP_PZ2	phalanx	1	PZ	2	12.0923097108505	yes	GSE114919	https://www.ncbi.nlm.nih.gov/geo/query/acc.cgi?acc=GSE114919
mouse	MMP13	hypertrophic_marker	HZ	MMP13	11632	1wP_PZ4	1wP_PZ4	phalanx	1	PZ	4	12.7071683931848	yes	GSE114919	https://www.ncbi.nlm.nih.gov/geo/query/acc.cgi?acc=GSE114919
mouse	MMP13	hypertrophic_marker	HZ	MMP13	11632	1wP_PZ5	1wP_PZ5	phalanx	1	PZ	5	13.0951548617663	yes	GSE114919	https://www.ncbi.nlm.nih.gov/geo/query/acc.cgi?acc=GSE114919
mouse	MMP13	hypertrophic_marker	HZ	MMP13	11632	1wT_PZ1	1wT_PZ1	tibia	1	PZ	1	8.12832915702111	yes	GSE114919	https://www.ncbi.nlm.nih.gov/geo/query/acc.cgi?acc=GSE114919
mouse	MMP13	hypertrophic_marker	HZ	MMP13	11632	1wT_PZ2	1wT_PZ2	tibia	1	PZ	2	10.0325313783235	yes	GSE114919	https://www.ncbi.nlm.nih.gov/geo/query/acc.cgi?acc=GSE114919
mouse	MMP13	hypertrophic_marker	HZ	MMP13	11632	1wT_PZ3	1wT_PZ3	tibia	1	PZ	3	9.25661955113776	yes	GSE114919	https://www.ncbi.nlm.nih.gov/geo/query/acc.cgi?acc=GSE114919
mouse	MMP13	hypertrophic_marker	HZ	MMP13	11632	1wT_PZ4	1wT_PZ4	tibia	1	PZ	4	11.8420169520641	yes	GSE114919	https://www.ncbi.nlm.nih.gov/geo/query/acc.cgi?acc=GSE114919
mouse	MMP13	hypertrophic_marker	HZ	MMP13	11632	1wT_PZ5	1wT_PZ5	tibia	1	PZ	5	12.0092523189164	yes	GSE114919	https://www.ncbi.nlm.nih.gov/geo/query/acc.cgi?acc=GSE114919
rat	SOX9	cartilage_lineage_control	none	NM_080403	10838	JL-1891-26_S26	Ph1wk HZ1	phalanx	1	HZ	1	12.6303977712985	yes	GSE114919	https://www.ncbi.nlm.nih.gov/geo/query/acc.cgi?acc=GSE114919
rat	SOX9	cartilage_lineage_control	none	NM_080403	10838	JL-1891-27_S27	Ph1wk HZ2	phalanx	1	HZ	2	14.1710593616361	yes	GSE114919	https://www.ncbi.nlm.nih.gov/geo/query/acc.cgi?acc=GSE114919
rat	SOX9	cartilage_lineage_control	none	NM_080403	10838	JL-1891-28_S28	Ph1wk HZ3	phalanx	1	HZ	3	13.0850603006833	yes	GSE114919	https://www.ncbi.nlm.nih.gov/geo/query/acc.cgi?acc=GSE114919
rat	SOX9	cartilage_lineage_control	none	NM_080403	10838	JL-1891-29_S29	Ph1wk HZ4	phalanx	1	HZ	4	13.1643375462562	yes	GSE114919	https://www.ncbi.nlm.nih.gov/geo/query/acc.cgi?acc=GSE114919
rat	SOX9	cartilage_lineage_control	none	NM_080403	10838	JL-1891-30_S30	Ph1wk HZ5	phalanx	1	HZ	5	12.8304394865425	yes	GSE114919	https://www.ncbi.nlm.nih.gov/geo/query/acc.cgi?acc=GSE114919
rat	SOX9	cartilage_lineage_control	none	NM_080403	10838	JL-1891-10_S10	T1wk HZ5	tibia	1	HZ	5	14.2171973516001	yes	GSE114919	https://www.ncbi.nlm.nih.gov/geo/query/acc.cgi?acc=GSE114919
rat	SOX9	cartilage_lineage_control	none	NM_080403	10838	JL-1891-6_S6	T1wk HZ1	tibia	1	HZ	1	13.8480499354756	yes	GSE114919	https://www.ncbi.nlm.nih.gov/geo/query/acc.cgi?acc=GSE114919
rat	SOX9	cartilage_lineage_control	none	NM_080403	10838	JL-1891-7_S7	T1wk HZ2	tibia	1	HZ	2	14.6319542456542	yes	GSE114919	https://www.ncbi.nlm.nih.gov/geo/query/acc.cgi?acc=GSE114919
rat	SOX9	cartilage_lineage_control	none	NM_080403	10838	JL-1891-8_S8	T1wk HZ3	tibia	1	HZ	3	14.56656228415	yes	GSE114919	https://www.ncbi.nlm.nih.gov/geo/query/acc.cgi?acc=GSE114919
rat	SOX9	cartilage_lineage_control	none	NM_080403	10838	JL-1891-9_S9	T1wk HZ4	tibia	1	HZ	4	13.5775663767043	yes	GSE114919	https://www.ncbi.nlm.nih.gov/geo/query/acc.cgi?acc=GSE114919
rat	SOX9	cartilage_lineage_control	none	NM_080403	10838	JL-1891-16_S16	T4wk HZ1	tibia	4	HZ	1	13.6746664964392	yes	GSE114919	https://www.ncbi.nlm.nih.gov/geo/query/acc.cgi?acc=GSE114919
rat	SOX9	cartilage_lineage_control	none	NM_080403	10838	JL-1891-17_S17	T4wk HZ2	tibia	4	HZ	2	13.8729589078316	yes	GSE114919	https://www.ncbi.nlm.nih.gov/geo/query/acc.cgi?acc=GSE114919
rat	SOX9	cartilage_lineage_control	none	NM_080403	10838	JL-1891-18_S18	T4wk HZ3	tibia	4	HZ	3	15.008565454891	yes	GSE114919	https://www.ncbi.nlm.nih.gov/geo/query/acc.cgi?acc=GSE114919
rat	SOX9	cartilage_lineage_control	none	NM_080403	10838	JL-1891-19_S19	T4wk HZ4	tibia	4	HZ	4	14.1668453712465	yes	GSE114919	https://www.ncbi.nlm.nih.gov/geo/query/acc.cgi?acc=GSE114919
rat	SOX9	cartilage_lineage_control	none	NM_080403	10838	JL-1891-20_S20	T4wk HZ5	tibia	4	HZ	5	14.7250358818702	yes	GSE114919	https://www.ncbi.nlm.nih.gov/geo/query/acc.cgi?acc=GSE114919
rat	SOX9	cartilage_lineage_control	none	NM_080403	10838	JL-1891-21_S21	Ph1wk PZ1	phalanx	1	PZ	1	14.3270639719126	yes	GSE114919	https://www.ncbi.nlm.nih.gov/geo/query/acc.cgi?acc=GSE114919
rat	SOX9	cartilage_lineage_control	none	NM_080403	10838	JL-1891-22_S22	Ph1wk PZ2	phalanx	1	PZ	2	14.6805281506549	yes	GSE114919	https://www.ncbi.nlm.nih.gov/geo/query/acc.cgi?acc=GSE114919
rat	SOX9	cartilage_lineage_control	none	NM_080403	10838	JL-1891-23_S23	Ph1wk PZ3	phalanx	1	PZ	3	14.013466163272	yes	GSE114919	https://www.ncbi.nlm.nih.gov/geo/query/acc.cgi?acc=GSE114919
rat	SOX9	cartilage_lineage_control	none	NM_080403	10838	JL-1891-24_S24	Ph1wk PZ4	phalanx	1	PZ	4	14.3856204843961	yes	GSE114919	https://www.ncbi.nlm.nih.gov/geo/query/acc.cgi?acc=GSE114919
rat	SOX9	cartilage_lineage_control	none	NM_080403	10838	JL-1891-25_S25	Ph1wk PZ5	phalanx	1	PZ	5	14.9553183014011	yes	GSE114919	https://www.ncbi.nlm.nih.gov/geo/query/acc.cgi?acc=GSE114919
rat	SOX9	cartilage_lineage_control	none	NM_080403	10838	JL-1891-1_S1	T1wk PZ1	tibia	1	PZ	1	15.3267755405325	yes	GSE114919	https://www.ncbi.nlm.nih.gov/geo/query/acc.cgi?acc=GSE114919
rat	SOX9	cartilage_lineage_control	none	NM_080403	10838	JL-1891-2_S2	T1wk PZ2	tibia	1	PZ	2	14.9672411247772	yes	GSE114919	https://www.ncbi.nlm.nih.gov/geo/query/acc.cgi?acc=GSE114919
rat	SOX9	cartilage_lineage_control	none	NM_080403	10838	JL-1891-3_S3	T1wk PZ3	tibia	1	PZ	3	14.80089370778	yes	GSE114919	https://www.ncbi.nlm.nih.gov/geo/query/acc.cgi?acc=GSE114919
rat	SOX9	cartilage_lineage_control	none	NM_080403	10838	JL-1891-4_S4	T1wk PZ4	tibia	1	PZ	4	14.867677984186	yes	GSE114919	https://www.ncbi.nlm.nih.gov/geo/query/acc.cgi?acc=GSE114919
rat	SOX9	cartilage_lineage_control	none	NM_080403	10838	JL-1891-5_S5	T1wk PZ5	tibia	1	PZ	5	14.7958501783447	yes	GSE114919	https://www.ncbi.nlm.nih.gov/geo/query/acc.cgi?acc=GSE114919
rat	SOX9	cartilage_lineage_control	none	NM_080403	10838	JL-1891-11_S11	T4wk PZ1	tibia	4	PZ	1	15.0052476903218	yes	GSE114919	https://www.ncbi.nlm.nih.gov/geo/query/acc.cgi?acc=GSE114919
rat	SOX9	cartilage_lineage_control	none	NM_080403	10838	JL-1891-12_S12	T4wk PZ2	tibia	4	PZ	2	15.3837713753341	yes	GSE114919	https://www.ncbi.nlm.nih.gov/geo/query/acc.cgi?acc=GSE114919
rat	SOX9	cartilage_lineage_control	none	NM_080403	10838	JL-1891-13_S13	T4wk PZ3	tibia	4	PZ	3	15.2238475974471	yes	GSE114919	https://www.ncbi.nlm.nih.gov/geo/query/acc.cgi?acc=GSE114919
rat	SOX9	cartilage_lineage_control	none	NM_080403	10838	JL-1891-14_S14	T4wk PZ4	tibia	4	PZ	4	15.0466831219082	yes	GSE114919	https://www.ncbi.nlm.nih.gov/geo/query/acc.cgi?acc=GSE114919
rat	SOX9	cartilage_lineage_control	none	NM_080403	10838	JL-1891-15_S15	T4wk PZ5	tibia	4	PZ	5	15.3682813877983	yes	GSE114919	https://www.ncbi.nlm.nih.gov/geo/query/acc.cgi?acc=GSE114919
rat	COL2A1	cartilage_matrix_control	none	NM_012929	6751	JL-1891-26_S26	Ph1wk HZ1	phalanx	1	HZ	1	19.8226675647653	yes	GSE114919	https://www.ncbi.nlm.nih.gov/geo/query/acc.cgi?acc=GSE114919
rat	COL2A1	cartilage_matrix_control	none	NM_012929	6751	JL-1891-27_S27	Ph1wk HZ2	phalanx	1	HZ	2	20.864366789337	yes	GSE114919	https://www.ncbi.nlm.nih.gov/geo/query/acc.cgi?acc=GSE114919
rat	COL2A1	cartilage_matrix_control	none	NM_012929	6751	JL-1891-28_S28	Ph1wk HZ3	phalanx	1	HZ	3	19.9438687159113	yes	GSE114919	https://www.ncbi.nlm.nih.gov/geo/query/acc.cgi?acc=GSE114919
rat	COL2A1	cartilage_matrix_control	none	NM_012929	6751	JL-1891-29_S29	Ph1wk HZ4	phalanx	1	HZ	4	20.3402897864885	yes	GSE114919	https://www.ncbi.nlm.nih.gov/geo/query/acc.cgi?acc=GSE114919
rat	COL2A1	cartilage_matrix_control	none	NM_012929	6751	JL-1891-30_S30	Ph1wk HZ5	phalanx	1	HZ	5	19.8655602703411	yes	GSE114919	https://www.ncbi.nlm.nih.gov/geo/query/acc.cgi?acc=GSE114919
rat	COL2A1	cartilage_matrix_control	none	NM_012929	6751	JL-1891-10_S10	T1wk HZ5	tibia	1	HZ	5	21.5581455207913	yes	GSE114919	https://www.ncbi.nlm.nih.gov/geo/query/acc.cgi?acc=GSE114919
rat	COL2A1	cartilage_matrix_control	none	NM_012929	6751	JL-1891-6_S6	T1wk HZ1	tibia	1	HZ	1	20.6552236302459	yes	GSE114919	https://www.ncbi.nlm.nih.gov/geo/query/acc.cgi?acc=GSE114919
rat	COL2A1	cartilage_matrix_control	none	NM_012929	6751	JL-1891-7_S7	T1wk HZ2	tibia	1	HZ	2	21.4195642279555	yes	GSE114919	https://www.ncbi.nlm.nih.gov/geo/query/acc.cgi?acc=GSE114919
rat	COL2A1	cartilage_matrix_control	none	NM_012929	6751	JL-1891-8_S8	T1wk HZ3	tibia	1	HZ	3	21.5899651183241	yes	GSE114919	https://www.ncbi.nlm.nih.gov/geo/query/acc.cgi?acc=GSE114919
rat	COL2A1	cartilage_matrix_control	none	NM_012929	6751	JL-1891-9_S9	T1wk HZ4	tibia	1	HZ	4	21.1046859834817	yes	GSE114919	https://www.ncbi.nlm.nih.gov/geo/query/acc.cgi?acc=GSE114919
rat	COL2A1	cartilage_matrix_control	none	NM_012929	6751	JL-1891-16_S16	T4wk HZ1	tibia	4	HZ	1	20.5032880734458	yes	GSE114919	https://www.ncbi.nlm.nih.gov/geo/query/acc.cgi?acc=GSE114919
rat	COL2A1	cartilage_matrix_control	none	NM_012929	6751	JL-1891-17_S17	T4wk HZ2	tibia	4	HZ	2	21.0710038317513	yes	GSE114919	https://www.ncbi.nlm.nih.gov/geo/query/acc.cgi?acc=GSE114919
rat	COL2A1	cartilage_matrix_control	none	NM_012929	6751	JL-1891-18_S18	T4wk HZ3	tibia	4	HZ	3	22.0373606750738	yes	GSE114919	https://www.ncbi.nlm.nih.gov/geo/query/acc.cgi?acc=GSE114919
rat	COL2A1	cartilage_matrix_control	none	NM_012929	6751	JL-1891-19_S19	T4wk HZ4	tibia	4	HZ	4	21.2807417894483	yes	GSE114919	https://www.ncbi.nlm.nih.gov/geo/query/acc.cgi?acc=GSE114919
rat	COL2A1	cartilage_matrix_control	none	NM_012929	6751	JL-1891-20_S20	T4wk HZ5	tibia	4	HZ	5	21.8400368809724	yes	GSE114919	https://www.ncbi.nlm.nih.gov/geo/query/acc.cgi?acc=GSE114919
rat	COL2A1	cartilage_matrix_control	none	NM_012929	6751	JL-1891-21_S21	Ph1wk PZ1	phalanx	1	PZ	1	20.9543838292186	yes	GSE114919	https://www.ncbi.nlm.nih.gov/geo/query/acc.cgi?acc=GSE114919
rat	COL2A1	cartilage_matrix_control	none	NM_012929	6751	JL-1891-22_S22	Ph1wk PZ2	phalanx	1	PZ	2	21.2891677353536	yes	GSE114919	https://www.ncbi.nlm.nih.gov/geo/query/acc.cgi?acc=GSE114919
rat	COL2A1	cartilage_matrix_control	none	NM_012929	6751	JL-1891-23_S23	Ph1wk PZ3	phalanx	1	PZ	3	20.8956956363486	yes	GSE114919	https://www.ncbi.nlm.nih.gov/geo/query/acc.cgi?acc=GSE114919
rat	COL2A1	cartilage_matrix_control	none	NM_012929	6751	JL-1891-24_S24	Ph1wk PZ4	phalanx	1	PZ	4	21.4642109200493	yes	GSE114919	https://www.ncbi.nlm.nih.gov/geo/query/acc.cgi?acc=GSE114919
rat	COL2A1	cartilage_matrix_control	none	NM_012929	6751	JL-1891-25_S25	Ph1wk PZ5	phalanx	1	PZ	5	20.8318138333558	yes	GSE114919	https://www.ncbi.nlm.nih.gov/geo/query/acc.cgi?acc=GSE114919
rat	COL2A1	cartilage_matrix_control	none	NM_012929	6751	JL-1891-1_S1	T1wk PZ1	tibia	1	PZ	1	21.4245366402067	yes	GSE114919	https://www.ncbi.nlm.nih.gov/geo/query/acc.cgi?acc=GSE114919
rat	COL2A1	cartilage_matrix_control	none	NM_012929	6751	JL-1891-2_S2	T1wk PZ2	tibia	1	PZ	2	21.3283981445094	yes	GSE114919	https://www.ncbi.nlm.nih.gov/geo/query/acc.cgi?acc=GSE114919
rat	COL2A1	cartilage_matrix_control	none	NM_012929	6751	JL-1891-3_S3	T1wk PZ3	tibia	1	PZ	3	21.3183247294294	yes	GSE114919	https://www.ncbi.nlm.nih.gov/geo/query/acc.cgi?acc=GSE114919
rat	COL2A1	cartilage_matrix_control	none	NM_012929	6751	JL-1891-4_S4	T1wk PZ4	tibia	1	PZ	4	21.4459089890317	yes	GSE114919	https://www.ncbi.nlm.nih.gov/geo/query/acc.cgi?acc=GSE114919
rat	COL2A1	cartilage_matrix_control	none	NM_012929	6751	JL-1891-5_S5	T1wk PZ5	tibia	1	PZ	5	21.3331030355209	yes	GSE114919	https://www.ncbi.nlm.nih.gov/geo/query/acc.cgi?acc=GSE114919
rat	COL2A1	cartilage_matrix_control	none	NM_012929	6751	JL-1891-11_S11	T4wk PZ1	tibia	4	PZ	1	21.3681446608133	yes	GSE114919	https://www.ncbi.nlm.nih.gov/geo/query/acc.cgi?acc=GSE114919
rat	COL2A1	cartilage_matrix_control	none	NM_012929	6751	JL-1891-12_S12	T4wk PZ2	tibia	4	PZ	2	21.9278401324684	yes	GSE114919	https://www.ncbi.nlm.nih.gov/geo/query/acc.cgi?acc=GSE114919
rat	COL2A1	cartilage_matrix_control	none	NM_012929	6751	JL-1891-13_S13	T4wk PZ3	tibia	4	PZ	3	22.0523950982525	yes	GSE114919	https://www.ncbi.nlm.nih.gov/geo/query/acc.cgi?acc=GSE114919
rat	COL2A1	cartilage_matrix_control	none	NM_012929	6751	JL-1891-14_S14	T4wk PZ4	tibia	4	PZ	4	21.7005735436346	yes	GSE114919	https://www.ncbi.nlm.nih.gov/geo/query/acc.cgi?acc=GSE114919
rat	COL2A1	cartilage_matrix_control	none	NM_012929	6751	JL-1891-15_S15	T4wk PZ5	tibia	4	PZ	5	21.9786529376816	yes	GSE114919	https://www.ncbi.nlm.nih.gov/geo/query/acc.cgi?acc=GSE114919
rat	ACAN	cartilage_matrix_control	none	NM_022190	213	JL-1891-26_S26	Ph1wk HZ1	phalanx	1	HZ	1	16.3491674475246	yes	GSE114919	https://www.ncbi.nlm.nih.gov/geo/query/acc.cgi?acc=GSE114919
rat	ACAN	cartilage_matrix_control	none	NM_022190	213	JL-1891-27_S27	Ph1wk HZ2	phalanx	1	HZ	2	17.3757603274869	yes	GSE114919	https://www.ncbi.nlm.nih.gov/geo/query/acc.cgi?acc=GSE114919
rat	ACAN	cartilage_matrix_control	none	NM_022190	213	JL-1891-28_S28	Ph1wk HZ3	phalanx	1	HZ	3	16.6041673287021	yes	GSE114919	https://www.ncbi.nlm.nih.gov/geo/query/acc.cgi?acc=GSE114919
rat	ACAN	cartilage_matrix_control	none	NM_022190	213	JL-1891-29_S29	Ph1wk HZ4	phalanx	1	HZ	4	17.148787037941	yes	GSE114919	https://www.ncbi.nlm.nih.gov/geo/query/acc.cgi?acc=GSE114919
rat	ACAN	cartilage_matrix_control	none	NM_022190	213	JL-1891-30_S30	Ph1wk HZ5	phalanx	1	HZ	5	16.4585679323175	yes	GSE114919	https://www.ncbi.nlm.nih.gov/geo/query/acc.cgi?acc=GSE114919
rat	ACAN	cartilage_matrix_control	none	NM_022190	213	JL-1891-10_S10	T1wk HZ5	tibia	1	HZ	5	18.5602940319149	yes	GSE114919	https://www.ncbi.nlm.nih.gov/geo/query/acc.cgi?acc=GSE114919
rat	ACAN	cartilage_matrix_control	none	NM_022190	213	JL-1891-6_S6	T1wk HZ1	tibia	1	HZ	1	17.7623009327092	yes	GSE114919	https://www.ncbi.nlm.nih.gov/geo/query/acc.cgi?acc=GSE114919
rat	ACAN	cartilage_matrix_control	none	NM_022190	213	JL-1891-7_S7	T1wk HZ2	tibia	1	HZ	2	18.406890347342	yes	GSE114919	https://www.ncbi.nlm.nih.gov/geo/query/acc.cgi?acc=GSE114919
rat	ACAN	cartilage_matrix_control	none	NM_022190	213	JL-1891-8_S8	T1wk HZ3	tibia	1	HZ	3	18.5746616891969	yes	GSE114919	https://www.ncbi.nlm.nih.gov/geo/query/acc.cgi?acc=GSE114919
rat	ACAN	cartilage_matrix_control	none	NM_022190	213	JL-1891-9_S9	T1wk HZ4	tibia	1	HZ	4	18.0663871894296	yes	GSE114919	https://www.ncbi.nlm.nih.gov/geo/query/acc.cgi?acc=GSE114919
rat	ACAN	cartilage_matrix_control	none	NM_022190	213	JL-1891-16_S16	T4wk HZ1	tibia	4	HZ	1	17.0743543650667	yes	GSE114919	https://www.ncbi.nlm.nih.gov/geo/query/acc.cgi?acc=GSE114919
rat	ACAN	cartilage_matrix_control	none	NM_022190	213	JL-1891-17_S17	T4wk HZ2	tibia	4	HZ	2	17.8093569358135	yes	GSE114919	https://www.ncbi.nlm.nih.gov/geo/query/acc.cgi?acc=GSE114919
rat	ACAN	cartilage_matrix_control	none	NM_022190	213	JL-1891-18_S18	T4wk HZ3	tibia	4	HZ	3	18.408682847097	yes	GSE114919	https://www.ncbi.nlm.nih.gov/geo/query/acc.cgi?acc=GSE114919
rat	ACAN	cartilage_matrix_control	none	NM_022190	213	JL-1891-19_S19	T4wk HZ4	tibia	4	HZ	4	18.00682305393	yes	GSE114919	https://www.ncbi.nlm.nih.gov/geo/query/acc.cgi?acc=GSE114919
rat	ACAN	cartilage_matrix_control	none	NM_022190	213	JL-1891-20_S20	T4wk HZ5	tibia	4	HZ	5	18.7126533473831	yes	GSE114919	https://www.ncbi.nlm.nih.gov/geo/query/acc.cgi?acc=GSE114919
rat	ACAN	cartilage_matrix_control	none	NM_022190	213	JL-1891-21_S21	Ph1wk PZ1	phalanx	1	PZ	1	17.0131351737756	yes	GSE114919	https://www.ncbi.nlm.nih.gov/geo/query/acc.cgi?acc=GSE114919
rat	ACAN	cartilage_matrix_control	none	NM_022190	213	JL-1891-22_S22	Ph1wk PZ2	phalanx	1	PZ	2	17.3269780331394	yes	GSE114919	https://www.ncbi.nlm.nih.gov/geo/query/acc.cgi?acc=GSE114919
rat	ACAN	cartilage_matrix_control	none	NM_022190	213	JL-1891-23_S23	Ph1wk PZ3	phalanx	1	PZ	3	16.7413249931642	yes	GSE114919	https://www.ncbi.nlm.nih.gov/geo/query/acc.cgi?acc=GSE114919
rat	ACAN	cartilage_matrix_control	none	NM_022190	213	JL-1891-24_S24	Ph1wk PZ4	phalanx	1	PZ	4	17.4306124927357	yes	GSE114919	https://www.ncbi.nlm.nih.gov/geo/query/acc.cgi?acc=GSE114919
rat	ACAN	cartilage_matrix_control	none	NM_022190	213	JL-1891-25_S25	Ph1wk PZ5	phalanx	1	PZ	5	17.4337146236184	yes	GSE114919	https://www.ncbi.nlm.nih.gov/geo/query/acc.cgi?acc=GSE114919
rat	ACAN	cartilage_matrix_control	none	NM_022190	213	JL-1891-1_S1	T1wk PZ1	tibia	1	PZ	1	18.2315541941121	yes	GSE114919	https://www.ncbi.nlm.nih.gov/geo/query/acc.cgi?acc=GSE114919
rat	ACAN	cartilage_matrix_control	none	NM_022190	213	JL-1891-2_S2	T1wk PZ2	tibia	1	PZ	2	17.776877541529	yes	GSE114919	https://www.ncbi.nlm.nih.gov/geo/query/acc.cgi?acc=GSE114919
rat	ACAN	cartilage_matrix_control	none	NM_022190	213	JL-1891-3_S3	T1wk PZ3	tibia	1	PZ	3	17.7400359537777	yes	GSE114919	https://www.ncbi.nlm.nih.gov/geo/query/acc.cgi?acc=GSE114919
rat	ACAN	cartilage_matrix_control	none	NM_022190	213	JL-1891-4_S4	T1wk PZ4	tibia	1	PZ	4	17.8239181508414	yes	GSE114919	https://www.ncbi.nlm.nih.gov/geo/query/acc.cgi?acc=GSE114919
rat	ACAN	cartilage_matrix_control	none	NM_022190	213	JL-1891-5_S5	T1wk PZ5	tibia	1	PZ	5	17.738420330616	yes	GSE114919	https://www.ncbi.nlm.nih.gov/geo/query/acc.cgi?acc=GSE114919
rat	ACAN	cartilage_matrix_control	none	NM_022190	213	JL-1891-11_S11	T4wk PZ1	tibia	4	PZ	1	17.8301111189241	yes	GSE114919	https://www.ncbi.nlm.nih.gov/geo/query/acc.cgi?acc=GSE114919
rat	ACAN	cartilage_matrix_control	none	NM_022190	213	JL-1891-12_S12	T4wk PZ2	tibia	4	PZ	2	18.4212254871547	yes	GSE114919	https://www.ncbi.nlm.nih.gov/geo/query/acc.cgi?acc=GSE114919
rat	ACAN	cartilage_matrix_control	none	NM_022190	213	JL-1891-13_S13	T4wk PZ3	tibia	4	PZ	3	18.2726164853872	yes	GSE114919	https://www.ncbi.nlm.nih.gov/geo/query/acc.cgi?acc=GSE114919
rat	ACAN	cartilage_matrix_control	none	NM_022190	213	JL-1891-14_S14	T4wk PZ4	tibia	4	PZ	4	18.14053668168	yes	GSE114919	https://www.ncbi.nlm.nih.gov/geo/query/acc.cgi?acc=GSE114919
rat	ACAN	cartilage_matrix_control	none	NM_022190	213	JL-1891-15_S15	T4wk PZ5	tibia	4	PZ	5	18.3877129922032	yes	GSE114919	https://www.ncbi.nlm.nih.gov/geo/query/acc.cgi?acc=GSE114919
rat	MMP13	hypertrophic_marker	HZ	NM_133530	7924	JL-1891-26_S26	Ph1wk HZ1	phalanx	1	HZ	1	17.9939389483924	yes	GSE114919	https://www.ncbi.nlm.nih.gov/geo/query/acc.cgi?acc=GSE114919
rat	MMP13	hypertrophic_marker	HZ	NM_133530	7924	JL-1891-27_S27	Ph1wk HZ2	phalanx	1	HZ	2	17.6242683154902	yes	GSE114919	https://www.ncbi.nlm.nih.gov/geo/query/acc.cgi?acc=GSE114919
rat	MMP13	hypertrophic_marker	HZ	NM_133530	7924	JL-1891-28_S28	Ph1wk HZ3	phalanx	1	HZ	3	18.0332150389382	yes	GSE114919	https://www.ncbi.nlm.nih.gov/geo/query/acc.cgi?acc=GSE114919
rat	MMP13	hypertrophic_marker	HZ	NM_133530	7924	JL-1891-29_S29	Ph1wk HZ4	phalanx	1	HZ	4	18.0063493621655	yes	GSE114919	https://www.ncbi.nlm.nih.gov/geo/query/acc.cgi?acc=GSE114919
rat	MMP13	hypertrophic_marker	HZ	NM_133530	7924	JL-1891-30_S30	Ph1wk HZ5	phalanx	1	HZ	5	18.4968033923836	yes	GSE114919	https://www.ncbi.nlm.nih.gov/geo/query/acc.cgi?acc=GSE114919
rat	MMP13	hypertrophic_marker	HZ	NM_133530	7924	JL-1891-10_S10	T1wk HZ5	tibia	1	HZ	5	15.1087439668893	yes	GSE114919	https://www.ncbi.nlm.nih.gov/geo/query/acc.cgi?acc=GSE114919
rat	MMP13	hypertrophic_marker	HZ	NM_133530	7924	JL-1891-6_S6	T1wk HZ1	tibia	1	HZ	1	16.7873261071264	yes	GSE114919	https://www.ncbi.nlm.nih.gov/geo/query/acc.cgi?acc=GSE114919
rat	MMP13	hypertrophic_marker	HZ	NM_133530	7924	JL-1891-7_S7	T1wk HZ2	tibia	1	HZ	2	14.9484989456235	yes	GSE114919	https://www.ncbi.nlm.nih.gov/geo/query/acc.cgi?acc=GSE114919
rat	MMP13	hypertrophic_marker	HZ	NM_133530	7924	JL-1891-8_S8	T1wk HZ3	tibia	1	HZ	3	13.9243161077333	yes	GSE114919	https://www.ncbi.nlm.nih.gov/geo/query/acc.cgi?acc=GSE114919
rat	MMP13	hypertrophic_marker	HZ	NM_133530	7924	JL-1891-9_S9	T1wk HZ4	tibia	1	HZ	4	16.9134688762436	yes	GSE114919	https://www.ncbi.nlm.nih.gov/geo/query/acc.cgi?acc=GSE114919
rat	MMP13	hypertrophic_marker	HZ	NM_133530	7924	JL-1891-16_S16	T4wk HZ1	tibia	4	HZ	1	18.3540072986811	yes	GSE114919	https://www.ncbi.nlm.nih.gov/geo/query/acc.cgi?acc=GSE114919
rat	MMP13	hypertrophic_marker	HZ	NM_133530	7924	JL-1891-17_S17	T4wk HZ2	tibia	4	HZ	2	17.5368155262964	yes	GSE114919	https://www.ncbi.nlm.nih.gov/geo/query/acc.cgi?acc=GSE114919
rat	MMP13	hypertrophic_marker	HZ	NM_133530	7924	JL-1891-18_S18	T4wk HZ3	tibia	4	HZ	3	14.5254706790018	yes	GSE114919	https://www.ncbi.nlm.nih.gov/geo/query/acc.cgi?acc=GSE114919
rat	MMP13	hypertrophic_marker	HZ	NM_133530	7924	JL-1891-19_S19	T4wk HZ4	tibia	4	HZ	4	17.7183905885802	yes	GSE114919	https://www.ncbi.nlm.nih.gov/geo/query/acc.cgi?acc=GSE114919
rat	MMP13	hypertrophic_marker	HZ	NM_133530	7924	JL-1891-20_S20	T4wk HZ5	tibia	4	HZ	5	17.5712953605344	yes	GSE114919	https://www.ncbi.nlm.nih.gov/geo/query/acc.cgi?acc=GSE114919
rat	MMP13	hypertrophic_marker	HZ	NM_133530	7924	JL-1891-21_S21	Ph1wk PZ1	phalanx	1	PZ	1	13.3420269374498	yes	GSE114919	https://www.ncbi.nlm.nih.gov/geo/query/acc.cgi?acc=GSE114919
rat	MMP13	hypertrophic_marker	HZ	NM_133530	7924	JL-1891-22_S22	Ph1wk PZ2	phalanx	1	PZ	2	12.7010562717041	yes	GSE114919	https://www.ncbi.nlm.nih.gov/geo/query/acc.cgi?acc=GSE114919
rat	MMP13	hypertrophic_marker	HZ	NM_133530	7924	JL-1891-23_S23	Ph1wk PZ3	phalanx	1	PZ	3	15.7636672727248	yes	GSE114919	https://www.ncbi.nlm.nih.gov/geo/query/acc.cgi?acc=GSE114919
rat	MMP13	hypertrophic_marker	HZ	NM_133530	7924	JL-1891-24_S24	Ph1wk PZ4	phalanx	1	PZ	4	13.7643606894915	yes	GSE114919	https://www.ncbi.nlm.nih.gov/geo/query/acc.cgi?acc=GSE114919
rat	MMP13	hypertrophic_marker	HZ	NM_133530	7924	JL-1891-25_S25	Ph1wk PZ5	phalanx	1	PZ	5	15.1057785966378	yes	GSE114919	https://www.ncbi.nlm.nih.gov/geo/query/acc.cgi?acc=GSE114919
rat	MMP13	hypertrophic_marker	HZ	NM_133530	7924	JL-1891-1_S1	T1wk PZ1	tibia	1	PZ	1	10.3693505304417	yes	GSE114919	https://www.ncbi.nlm.nih.gov/geo/query/acc.cgi?acc=GSE114919
rat	MMP13	hypertrophic_marker	HZ	NM_133530	7924	JL-1891-2_S2	T1wk PZ2	tibia	1	PZ	2	9.89762963942993	yes	GSE114919	https://www.ncbi.nlm.nih.gov/geo/query/acc.cgi?acc=GSE114919
rat	MMP13	hypertrophic_marker	HZ	NM_133530	7924	JL-1891-3_S3	T1wk PZ3	tibia	1	PZ	3	9.45340147954328	yes	GSE114919	https://www.ncbi.nlm.nih.gov/geo/query/acc.cgi?acc=GSE114919
rat	MMP13	hypertrophic_marker	HZ	NM_133530	7924	JL-1891-4_S4	T1wk PZ4	tibia	1	PZ	4	10.4842660914008	yes	GSE114919	https://www.ncbi.nlm.nih.gov/geo/query/acc.cgi?acc=GSE114919
rat	MMP13	hypertrophic_marker	HZ	NM_133530	7924	JL-1891-5_S5	T1wk PZ5	tibia	1	PZ	5	10.1505945205053	yes	GSE114919	https://www.ncbi.nlm.nih.gov/geo/query/acc.cgi?acc=GSE114919
rat	MMP13	hypertrophic_marker	HZ	NM_133530	7924	JL-1891-11_S11	T4wk PZ1	tibia	4	PZ	1	13.9059047793482	yes	GSE114919	https://www.ncbi.nlm.nih.gov/geo/query/acc.cgi?acc=GSE114919
rat	MMP13	hypertrophic_marker	HZ	NM_133530	7924	JL-1891-12_S12	T4wk PZ2	tibia	4	PZ	2	12.588625721317	yes	GSE114919	https://www.ncbi.nlm.nih.gov/geo/query/acc.cgi?acc=GSE114919
rat	MMP13	hypertrophic_marker	HZ	NM_133530	7924	JL-1891-13_S13	T4wk PZ3	tibia	4	PZ	3	9.11613846851711	yes	GSE114919	https://www.ncbi.nlm.nih.gov/geo/query/acc.cgi?acc=GSE114919
rat	MMP13	hypertrophic_marker	HZ	NM_133530	7924	JL-1891-14_S14	T4wk PZ4	tibia	4	PZ	4	14.3118803583961	yes	GSE114919	https://www.ncbi.nlm.nih.gov/geo/query/acc.cgi?acc=GSE114919
rat	MMP13	hypertrophic_marker	HZ	NM_133530	7924	JL-1891-15_S15	T4wk PZ5	tibia	4	PZ	5	10.5958706875027	yes	GSE114919	https://www.ncbi.nlm.nih.gov/geo/query/acc.cgi?acc=GSE114919
