species	bone	age_weeks	gene	role	expected_zone	pz_replicates	hz_replicates	pz_detected_fraction	hz_detected_fraction	pz_mean_published_value	hz_mean_published_value	hz_minus_pz_published_value	observed_higher_zone	matches_expected_direction
mouse	phalanx	1	ACAN	cartilage_matrix_control	none	4	5	1.0	1.0	16.570472	14.770992	-1.79948	PZ	not_applicable
mouse	phalanx	1	COL10A1	hypertrophic_marker	HZ	4	5	1.0	1.0	12.190524	15.629678	3.439154	HZ	yes
mouse	phalanx	1	COL2A1	cartilage_matrix_control	none	4	5	1.0	1.0	20.254926	17.649054	-2.605872	PZ	not_applicable
mouse	phalanx	1	MMP13	hypertrophic_marker	HZ	4	5	1.0	1.0	12.425256	16.265943	3.840686	HZ	yes
mouse	phalanx	1	SOX9	cartilage_lineage_control	none	4	5	1.0	1.0	13.416918	10.25045	-3.166469	PZ	not_applicable
mouse	tibia	1	ACAN	cartilage_matrix_control	none	5	5	1.0	1.0	17.184065	17.197024	0.012959	HZ	not_applicable
mouse	tibia	1	COL10A1	hypertrophic_marker	HZ	5	5	1.0	1.0	11.631589	17.362594	5.731005	HZ	yes
mouse	tibia	1	COL2A1	cartilage_matrix_control	none	5	5	1.0	1.0	20.451179	19.676982	-0.774198	PZ	not_applicable
mouse	tibia	1	MMP13	hypertrophic_marker	HZ	5	5	1.0	1.0	10.25375	15.258815	5.005065	HZ	yes
mouse	tibia	1	SOX9	cartilage_lineage_control	none	5	5	1.0	1.0	13.329977	11.823536	-1.50644	PZ	not_applicable
mouse	tibia	4	ACAN	cartilage_matrix_control	none	5	5	1.0	1.0	17.678689	17.334944	-0.343745	PZ	not_applicable
mouse	tibia	4	COL10A1	hypertrophic_marker	HZ	5	5	1.0	1.0	15.52468	18.863312	3.338632	HZ	yes
mouse	tibia	4	COL2A1	cartilage_matrix_control	none	5	5	1.0	1.0	21.419396	20.011234	-1.408162	PZ	not_applicable
mouse	tibia	4	MMP13	hypertrophic_marker	HZ	5	5	1.0	1.0	11.51212	16.010368	4.498247	HZ	yes
mouse	tibia	4	SOX9	cartilage_lineage_control	none	5	5	1.0	1.0	13.526341	11.071873	-2.454469	PZ	not_applicable
rat	phalanx	1	ACAN	cartilage_matrix_control	none	5	5	1.0	1.0	17.189153	16.78729	-0.401863	PZ	not_applicable
rat	phalanx	1	COL2A1	cartilage_matrix_control	none	5	5	1.0	1.0	21.087054	20.167351	-0.919704	PZ	not_applicable
rat	phalanx	1	MMP13	hypertrophic_marker	HZ	5	5	1.0	1.0	14.135378	18.030915	3.895537	HZ	yes
rat	phalanx	1	SOX9	cartilage_lineage_control	none	5	5	1.0	1.0	14.472399	13.176259	-1.296141	PZ	not_applicable
rat	tibia	1	ACAN	cartilage_matrix_control	none	5	5	1.0	1.0	17.862161	18.274107	0.411946	HZ	not_applicable
rat	tibia	1	COL2A1	cartilage_matrix_control	none	5	5	1.0	1.0	21.370054	21.265517	-0.104537	PZ	not_applicable
rat	tibia	1	MMP13	hypertrophic_marker	HZ	5	5	1.0	1.0	10.071048	15.536471	5.465422	HZ	yes
rat	tibia	1	SOX9	cartilage_lineage_control	none	5	5	1.0	1.0	14.951688	14.168266	-0.783422	PZ	not_applicable
rat	tibia	4	ACAN	cartilage_matrix_control	none	5	5	1.0	1.0	18.210441	18.002374	-0.208066	PZ	not_applicable
rat	tibia	4	COL2A1	cartilage_matrix_control	none	5	5	1.0	1.0	21.805521	21.346486	-0.459035	PZ	not_applicable
rat	tibia	4	MMP13	hypertrophic_marker	HZ	5	5	1.0	1.0	12.103684	17.141196	5.037512	HZ	yes
rat	tibia	4	SOX9	cartilage_lineage_control	none	5	5	1.0	1.0	15.205566	14.289614	-0.915952	PZ	not_applicable
