species	bone	age_weeks	zone	gene	replicate_count	detected_replicates	detection_fraction	mean_published_normalized_value	sd_published_normalized_value	cv	minimum	maximum	within_condition_rank_of_9
mouse	phalanx	1	HZ	ASPN	5	5	1.0	6.032816	1.383804	0.229379	4.43241	8.017067	9
mouse	phalanx	1	HZ	BGN	5	5	1.0	14.3261	0.23014	0.016064	13.968367	14.550692	1
mouse	phalanx	1	HZ	DCN	5	5	1.0	10.93483	0.753116	0.068873	9.727376	11.812725	4
mouse	phalanx	1	HZ	EPYC	5	5	1.0	7.549009	1.718828	0.227689	6.381406	10.490088	7
mouse	phalanx	1	HZ	FMOD	5	5	1.0	11.473716	1.758991	0.153306	9.775954	14.399791	2
mouse	phalanx	1	HZ	LUM	5	5	1.0	11.079272	0.623645	0.056289	10.025716	11.633025	3
mouse	phalanx	1	HZ	OGN	5	5	1.0	7.727424	0.721868	0.093416	6.577125	8.438706	6
mouse	phalanx	1	HZ	OMD	5	5	1.0	7.273754	0.522027	0.071769	6.501993	7.802539	8
mouse	phalanx	1	HZ	PRELP	5	5	1.0	10.657258	2.440444	0.228994	8.842405	14.828906	5
mouse	phalanx	1	PZ	ASPN	4	4	1.0	6.823994	1.028305	0.15069	5.587467	7.903119	9
mouse	phalanx	1	PZ	BGN	4	4	1.0	15.286714	0.213133	0.013942	15.060599	15.486644	2
mouse	phalanx	1	PZ	DCN	4	4	1.0	10.665512	0.243873	0.022866	10.426259	10.973695	6
mouse	phalanx	1	PZ	EPYC	4	4	1.0	11.144543	0.282581	0.025356	10.771024	11.457605	4
mouse	phalanx	1	PZ	FMOD	4	4	1.0	15.2149	0.226313	0.014874	15.008062	15.466042	3
mouse	phalanx	1	PZ	LUM	4	4	1.0	11.040547	0.144906	0.013125	10.912462	11.217575	5
mouse	phalanx	1	PZ	OGN	4	4	1.0	8.55991	0.270565	0.031608	8.191201	8.842097	8
mouse	phalanx	1	PZ	OMD	4	4	1.0	9.115899	0.590345	0.06476	8.650655	9.979539	7
mouse	phalanx	1	PZ	PRELP	4	4	1.0	15.615887	0.191517	0.012264	15.444923	15.850935	1
mouse	tibia	1	HZ	ASPN	5	5	1.0	5.701617	1.366414	0.239654	3.808445	6.966196	8
mouse	tibia	1	HZ	BGN	5	5	1.0	13.467422	0.278956	0.020713	13.175329	13.892652	1
mouse	tibia	1	HZ	DCN	5	5	1.0	9.418375	0.916311	0.09729	8.580765	10.842561	5
mouse	tibia	1	HZ	EPYC	5	5	1.0	9.075546	0.754678	0.083155	8.191476	9.898867	6
mouse	tibia	1	HZ	FMOD	5	5	1.0	11.380249	0.737474	0.064803	10.36619	12.271478	2
mouse	tibia	1	HZ	LUM	5	5	1.0	9.812444	0.827983	0.084381	8.991144	10.914717	4
mouse	tibia	1	HZ	OGN	5	5	1.0	6.69867	0.657193	0.098108	5.864101	7.639578	7
mouse	tibia	1	HZ	OMD	5	5	1.0	5.355446	1.230601	0.229785	3.385154	6.518271	9
mouse	tibia	1	HZ	PRELP	5	5	1.0	10.932793	1.225439	0.112088	9.23686	12.371173	3
mouse	tibia	1	PZ	ASPN	5	5	1.0	5.486562	0.434836	0.079255	4.841471	5.981041	9
mouse	tibia	1	PZ	BGN	5	5	1.0	14.664121	0.245841	0.016765	14.341576	14.94921	3
mouse	tibia	1	PZ	DCN	5	5	1.0	9.744657	0.445681	0.045736	9.277737	10.254794	6
mouse	tibia	1	PZ	EPYC	5	5	1.0	12.269011	0.276323	0.022522	11.822281	12.525865	4
mouse	tibia	1	PZ	FMOD	5	5	1.0	15.385949	0.163029	0.010596	15.117755	15.537857	2
mouse	tibia	1	PZ	LUM	5	5	1.0	11.522226	0.223383	0.019387	11.223676	11.845377	5
mouse	tibia	1	PZ	OGN	5	5	1.0	7.62894	0.440654	0.057761	7.232834	8.353145	7
mouse	tibia	1	PZ	OMD	5	5	1.0	7.526254	0.413711	0.054969	7.109856	8.207483	8
mouse	tibia	1	PZ	PRELP	5	5	1.0	16.248243	0.128703	0.007921	16.034304	16.376928	1
mouse	tibia	4	HZ	ASPN	5	5	1.0	5.049848	1.045176	0.206972	3.754613	6.292766	9
mouse	tibia	4	HZ	BGN	5	5	1.0	14.949062	0.177293	0.01186	14.704182	15.133142	1
mouse	tibia	4	HZ	DCN	5	5	1.0	10.742479	0.48932	0.04555	10.015338	11.310403	5
mouse	tibia	4	HZ	EPYC	5	5	1.0	9.52394	0.353322	0.037098	8.928399	9.855853	6
mouse	tibia	4	HZ	FMOD	5	5	1.0	12.962895	0.345931	0.026686	12.489451	13.260209	2
mouse	tibia	4	HZ	LUM	5	5	1.0	11.07605	0.204128	0.01843	10.801898	11.340366	4
mouse	tibia	4	HZ	OGN	5	5	1.0	6.5526	0.836386	0.127642	5.752474	7.704123	8
mouse	tibia	4	HZ	OMD	5	5	1.0	7.08712	1.1351	0.160164	5.944417	8.83032	7
mouse	tibia	4	HZ	PRELP	5	5	1.0	11.330741	0.903071	0.079701	9.946193	12.431931	3
mouse	tibia	4	PZ	ASPN	5	5	1.0	6.006436	0.705533	0.117463	4.972219	6.917717	9
mouse	tibia	4	PZ	BGN	5	5	1.0	16.278085	0.177599	0.01091	16.034767	16.417943	3
mouse	tibia	4	PZ	DCN	5	5	1.0	10.586679	0.453452	0.042832	10.056884	11.09979	6
mouse	tibia	4	PZ	EPYC	5	5	1.0	12.604077	0.164763	0.013072	12.438281	12.794242	4
mouse	tibia	4	PZ	FMOD	5	5	1.0	16.446174	0.161888	0.009844	16.21851	16.598624	2
mouse	tibia	4	PZ	LUM	5	5	1.0	12.339106	0.11263	0.009128	12.178753	12.451219	5
mouse	tibia	4	PZ	OGN	5	5	1.0	8.710714	0.210292	0.024142	8.50324	9.015762	8
mouse	tibia	4	PZ	OMD	5	5	1.0	9.019072	0.292724	0.032456	8.785116	9.523129	7
mouse	tibia	4	PZ	PRELP	5	5	1.0	16.878605	0.236593	0.014017	16.534383	17.132187	1
rat	phalanx	1	HZ	ASPN	5	2	0.4	0.373734	0.528919	1.415229	0.0	1.123338	8
rat	phalanx	1	HZ	BGN	5	5	1.0	16.597921	0.267067	0.01609	16.244608	16.870788	1
rat	phalanx	1	HZ	DCN	5	5	1.0	10.322101	0.570266	0.055247	9.417766	10.824676	6
rat	phalanx	1	HZ	EPYC	5	5	1.0	10.700885	0.604577	0.056498	9.771988	11.456657	5
rat	phalanx	1	HZ	FMOD	5	5	1.0	15.537639	0.650227	0.041848	15.039341	16.586511	2
rat	phalanx	1	HZ	LUM	5	5	1.0	13.586863	0.157348	0.011581	13.3391	13.73859	3
rat	phalanx	1	HZ	OGN	5	1	0.2	0.224668	0.502372	2.236068	0.0	1.123338	9
rat	phalanx	1	HZ	OMD	5	2	0.4	0.596301	0.836409	1.402662	0.0	1.747177	7
rat	phalanx	1	HZ	PRELP	5	5	1.0	12.530174	0.636085	0.050764	11.842925	13.344642	4
rat	phalanx	1	PZ	ASPN	5	0	0.0	0.0	0.0		0.0	0.0	9
rat	phalanx	1	PZ	BGN	5	5	1.0	17.222102	0.536946	0.031178	16.745915	18.129195	2
rat	phalanx	1	PZ	DCN	5	5	1.0	10.509722	0.573906	0.054607	9.936922	11.468955	6
rat	phalanx	1	PZ	EPYC	5	5	1.0	12.484124	0.366121	0.029327	12.118229	13.059026	5
rat	phalanx	1	PZ	FMOD	5	5	1.0	17.648331	0.425312	0.024099	17.019657	18.186295	1
rat	phalanx	1	PZ	LUM	5	5	1.0	13.213519	0.468956	0.035491	12.772417	13.970428	4
rat	phalanx	1	PZ	OGN	5	5	1.0	2.460941	0.795902	0.323414	1.429076	3.325112	7
rat	phalanx	1	PZ	OMD	5	1	0.2	0.229043	0.512157	2.236068	0.0	1.145217	8
rat	phalanx	1	PZ	PRELP	5	5	1.0	14.781138	0.461206	0.031202	14.184822	15.417105	3
rat	tibia	1	HZ	ASPN	5	0	0.0	0.0	0.0		0.0	0.0	8
rat	tibia	1	HZ	BGN	5	5	1.0	16.130745	0.362742	0.022488	15.6025	16.496858	1
rat	tibia	1	HZ	DCN	5	5	1.0	8.356759	0.478555	0.057266	7.586331	8.717848	6
rat	tibia	1	HZ	EPYC	5	5	1.0	10.369768	0.653409	0.063011	9.564372	11.145044	5
rat	tibia	1	HZ	FMOD	5	5	1.0	15.196439	0.506811	0.033351	14.714929	16.031871	2
rat	tibia	1	HZ	LUM	5	5	1.0	11.499894	0.292604	0.025444	11.230488	11.824827	4
rat	tibia	1	HZ	OGN	5	1	0.2	0.430419	0.962446	2.236068	0.0	2.152094	7
rat	tibia	1	HZ	OMD	5	0	0.0	0.0	0.0		0.0	0.0	9
rat	tibia	1	HZ	PRELP	5	5	1.0	12.15054	0.578724	0.047629	11.592462	13.094087	3
rat	tibia	1	PZ	ASPN	5	0	0.0	0.0	0.0		0.0	0.0	8
rat	tibia	1	PZ	BGN	5	5	1.0	17.2172	0.133878	0.007776	17.089011	17.424664	2
rat	tibia	1	PZ	DCN	5	5	1.0	7.35532	0.707754	0.096223	6.292209	7.962984	6
rat	tibia	1	PZ	EPYC	5	5	1.0	12.889372	0.164921	0.012795	12.754587	13.156317	4
rat	tibia	1	PZ	FMOD	5	5	1.0	17.963761	0.275794	0.015353	17.744626	18.430923	1
rat	tibia	1	PZ	LUM	5	5	1.0	12.241604	0.174363	0.014243	12.071365	12.520686	5
rat	tibia	1	PZ	OGN	5	4	0.8	1.95497	1.268965	0.649097	0.0	3.367518	7
rat	tibia	1	PZ	OMD	5	0	0.0	0.0	0.0		0.0	0.0	9
rat	tibia	1	PZ	PRELP	5	5	1.0	15.750132	0.316803	0.020114	15.525233	16.303617	3
rat	tibia	4	HZ	ASPN	5	0	0.0	0.0	0.0		0.0	0.0	8
rat	tibia	4	HZ	BGN	5	5	1.0	16.934273	0.469594	0.02773	16.350861	17.590911	1
rat	tibia	4	HZ	DCN	5	5	1.0	9.420219	1.054367	0.111926	8.31462	10.657382	5
rat	tibia	4	HZ	EPYC	5	5	1.0	8.860033	0.649732	0.073333	8.289647	9.917695	6
rat	tibia	4	HZ	FMOD	5	5	1.0	16.899533	0.817901	0.048398	16.054948	18.155464	2
rat	tibia	4	HZ	LUM	5	5	1.0	11.477071	0.730582	0.063656	10.402133	12.321425	4
rat	tibia	4	HZ	OGN	5	2	0.4	0.70083	1.003998	1.432585	0.0	2.169407	7
rat	tibia	4	HZ	OMD	5	0	0.0	0.0	0.0		0.0	0.0	9
rat	tibia	4	HZ	PRELP	5	5	1.0	13.587706	0.951086	0.069996	12.69397	15.078564	3
rat	tibia	4	PZ	ASPN	5	0	0.0	0.0	0.0		0.0	0.0	8
rat	tibia	4	PZ	BGN	5	5	1.0	17.726546	0.120022	0.006771	17.545097	17.838792	2
rat	tibia	4	PZ	DCN	5	5	1.0	6.948287	1.642605	0.236404	4.595953	8.260872	6
rat	tibia	4	PZ	EPYC	5	5	1.0	10.278583	0.282932	0.027526	9.923369	10.654219	4
rat	tibia	4	PZ	FMOD	5	5	1.0	18.849649	0.185486	0.00984	18.533468	18.982925	1
rat	tibia	4	PZ	LUM	5	5	1.0	9.801243	0.687037	0.070097	9.085104	10.52404	5
rat	tibia	4	PZ	OGN	5	4	0.8	1.28414	0.952089	0.741422	0.0	2.322301	7
rat	tibia	4	PZ	OMD	5	0	0.0	0.0	0.0		0.0	0.0	9
rat	tibia	4	PZ	PRELP	5	5	1.0	16.362486	0.30881	0.018873	16.087376	16.796494	3
