File extension	sample
HZ21_S24	1wk tibia Hypertrophic zone (HZ) 1
HZ21_S31	
HZ22_S25	1wk tibia Hypertrophic zone (HZ) 2
HZ22_S32	
HZ23_S26	1wk tibia Hypertrophic zone (HZ) 3
HZ23_S33	
HZ24_S27	1wk tibia Hypertrophic zone (HZ) 4
HZ24_S34	
HZ25_S28	1wk tibia Hypertrophic zone (HZ) 5
HZ25_S35	
HZ31_S29	4wk tibia Hypertrophic zone (HZ) 1
HZ31_S36	
HZ32_S30	4wk tibia Hypertrophic zone (HZ) 2
HZ32_S37	
HZ33_S31	4wk tibia Hypertrophic zone (HZ) 3
HZ33_S38	
HZ34_S32	4wk tibia Hypertrophic zone (HZ) 4
HZ34_S39	
HZ35_S33	4wk tibia Hypertrophic zone (HZ) 5
HZ35_S40	
HZ41_S34	1wk finger Hypertrophic zone (HZ) 1
HZ41_S41	
HZ42_S35	1wk finger Hypertrophic zone (HZ) 2
HZ42_S42	
HZ43_S36	1wk finger Hypertrophic zone (HZ) 3
HZ43_S43	
HZ44_S37	1wk finger Hypertrophic zone (HZ) 4
HZ44_S44	
HZ45_S38	1wk finger Hypertrophic zone (HZ) 5
HZ45_S45	
HZ51_S39	1wk tibia Proliferative zone (PZ) 1
HZ51_S46	
HZ52_S40	1wk tibia Proliferative zone (PZ) 2
HZ52_S47	
HZ53_S41	1wk tibia Proliferative zone (PZ) 3
HZ53_S48	
HZ54_S42	1wk tibia Proliferative zone (PZ) 4
HZ54_S49	
HZ55_S43	1wk tibia Proliferative zone (PZ) 5
HZ55_S50	
HZ61_S44	4wk tibia Proliferative zone (PZ) 1
HZ61_S51	
HZ62_S45	4wk tibia Proliferative zone (PZ) 2
HZ62_S52	
HZ63_S46	4wk tibia Proliferative zone (PZ) 3
HZ63_S53	
HZ64_S47	4wk tibia Proliferative zone (PZ) 4
HZ64_S54	
HZ65_S48	4wk tibia Proliferative zone (PZ) 5
HZ65_S55	
HZ71_S49	1wk finger Proliferative zone (PZ) 1
HZ71_S56	
HZ72_S50	1wk finger Proliferative zone (PZ) 2
HZ72_S57	
HZ73_S51	1wk finger Proliferative zone (PZ) 3
HZ73_S58	
HZ74_S52	1wk finger Proliferative zone (PZ) 4
HZ74_S59	
HZ75_S53	1wk finger Proliferative zone (PZ) 5
HZ75_S60	
