species	gene	zone	one_week_mean	four_week_mean	four_minus_one_week_delta	scale_note
mouse	ASPN	PZ	5.486562	6.006436	0.519874	difference on authors' published normalized-value scale; not a fold change
mouse	ASPN	HZ	5.701617	5.049848	-0.651769	difference on authors' published normalized-value scale; not a fold change
mouse	BGN	PZ	14.664121	16.278085	1.613964	difference on authors' published normalized-value scale; not a fold change
mouse	BGN	HZ	13.467422	14.949062	1.48164	difference on authors' published normalized-value scale; not a fold change
mouse	DCN	PZ	9.744657	10.586679	0.842022	difference on authors' published normalized-value scale; not a fold change
mouse	DCN	HZ	9.418375	10.742479	1.324104	difference on authors' published normalized-value scale; not a fold change
mouse	EPYC	PZ	12.269011	12.604077	0.335066	difference on authors' published normalized-value scale; not a fold change
mouse	EPYC	HZ	9.075546	9.52394	0.448394	difference on authors' published normalized-value scale; not a fold change
mouse	FMOD	PZ	15.385949	16.446174	1.060225	difference on authors' published normalized-value scale; not a fold change
mouse	FMOD	HZ	11.380249	12.962895	1.582646	difference on authors' published normalized-value scale; not a fold change
mouse	LUM	PZ	11.522226	12.339106	0.81688	difference on authors' published normalized-value scale; not a fold change
mouse	LUM	HZ	9.812444	11.07605	1.263606	difference on authors' published normalized-value scale; not a fold change
mouse	OGN	PZ	7.62894	8.710714	1.081774	difference on authors' published normalized-value scale; not a fold change
mouse	OGN	HZ	6.69867	6.5526	-0.14607	difference on authors' published normalized-value scale; not a fold change
mouse	OMD	PZ	7.526254	9.019072	1.492818	difference on authors' published normalized-value scale; not a fold change
mouse	OMD	HZ	5.355446	7.08712	1.731674	difference on authors' published normalized-value scale; not a fold change
mouse	PRELP	PZ	16.248243	16.878605	0.630362	difference on authors' published normalized-value scale; not a fold change
mouse	PRELP	HZ	10.932793	11.330741	0.397948	difference on authors' published normalized-value scale; not a fold change
rat	ASPN	PZ	0.0	0.0	0.0	difference on authors' published normalized-value scale; not a fold change
rat	ASPN	HZ	0.0	0.0	0.0	difference on authors' published normalized-value scale; not a fold change
rat	BGN	PZ	17.2172	17.726546	0.509346	difference on authors' published normalized-value scale; not a fold change
rat	BGN	HZ	16.130745	16.934273	0.803528	difference on authors' published normalized-value scale; not a fold change
rat	DCN	PZ	7.35532	6.948287	-0.407033	difference on authors' published normalized-value scale; not a fold change
rat	DCN	HZ	8.356759	9.420219	1.06346	difference on authors' published normalized-value scale; not a fold change
rat	EPYC	PZ	12.889372	10.278583	-2.610789	difference on authors' published normalized-value scale; not a fold change
rat	EPYC	HZ	10.369768	8.860033	-1.509735	difference on authors' published normalized-value scale; not a fold change
rat	FMOD	PZ	17.963761	18.849649	0.885888	difference on authors' published normalized-value scale; not a fold change
rat	FMOD	HZ	15.196439	16.899533	1.703094	difference on authors' published normalized-value scale; not a fold change
rat	LUM	PZ	12.241604	9.801243	-2.440361	difference on authors' published normalized-value scale; not a fold change
rat	LUM	HZ	11.499894	11.477071	-0.022823	difference on authors' published normalized-value scale; not a fold change
rat	OGN	PZ	1.95497	1.28414	-0.67083	difference on authors' published normalized-value scale; not a fold change
rat	OGN	HZ	0.430419	0.70083	0.270411	difference on authors' published normalized-value scale; not a fold change
rat	OMD	PZ	0.0	0.0	0.0	difference on authors' published normalized-value scale; not a fold change
rat	OMD	HZ	0.0	0.0	0.0	difference on authors' published normalized-value scale; not a fold change
rat	PRELP	PZ	15.750132	16.362486	0.612354	difference on authors' published normalized-value scale; not a fold change
rat	PRELP	HZ	12.15054	13.587706	1.437166	difference on authors' published normalized-value scale; not a fold change
