species	gene	matrix_gene_id	ensembl_gene_id	ncbi_gene_id	source_row	sample	normalized_count
mouse	ASPN	Aspn	ENSMUSG00000021388	66695	2460	1wPh_HZ1	6.52943862344477
mouse	ASPN	Aspn	ENSMUSG00000021388	66695	2460	1wPh_HZ2	8.01706716684286
mouse	ASPN	Aspn	ENSMUSG00000021388	66695	2460	1wPh_HZ3	6.10583652817036
mouse	ASPN	Aspn	ENSMUSG00000021388	66695	2460	1wPh_HZ4	4.43241004208824
mouse	ASPN	Aspn	ENSMUSG00000021388	66695	2460	1wPh_HZ5	5.079329499016
mouse	ASPN	Aspn	ENSMUSG00000021388	66695	2460	1wT_HZ1	6.95025881506955
mouse	ASPN	Aspn	ENSMUSG00000021388	66695	2460	1wT_HZ2	5.90819481839645
mouse	ASPN	Aspn	ENSMUSG00000021388	66695	2460	1wT_HZ3	6.96619608031141
mouse	ASPN	Aspn	ENSMUSG00000021388	66695	2460	1wT_HZ4	4.87499223216622
mouse	ASPN	Aspn	ENSMUSG00000021388	66695	2460	1wT_HZ5	3.80844467640862
mouse	ASPN	Aspn	ENSMUSG00000021388	66695	2460	4wT_HZ1	6.29276596195926
mouse	ASPN	Aspn	ENSMUSG00000021388	66695	2460	4wT_HZ2	3.75461348732014
mouse	ASPN	Aspn	ENSMUSG00000021388	66695	2460	4wT_HZ3	4.33133941744944
mouse	ASPN	Aspn	ENSMUSG00000021388	66695	2460	4wT_HZ4	5.02675018524863
mouse	ASPN	Aspn	ENSMUSG00000021388	66695	2460	4wT_HZ5	5.84376861842401
mouse	ASPN	Aspn	ENSMUSG00000021388	66695	2460	4wT_PZ1	6.28669457922859
mouse	ASPN	Aspn	ENSMUSG00000021388	66695	2460	4wT_PZ2	6.91771663217176
mouse	ASPN	Aspn	ENSMUSG00000021388	66695	2460	4wT_PZ3	4.97221864259774
mouse	ASPN	Aspn	ENSMUSG00000021388	66695	2460	4wT_PZ4	5.91912385594031
mouse	ASPN	Aspn	ENSMUSG00000021388	66695	2460	4wT_PZ5	5.9364285617087
mouse	ASPN	Aspn	ENSMUSG00000021388	66695	2460	1wP_PZ1	7.90311913727506
mouse	ASPN	Aspn	ENSMUSG00000021388	66695	2460	1wP_PZ2	7.38556869740396
mouse	ASPN	Aspn	ENSMUSG00000021388	66695	2460	1wP_PZ4	6.41982232434892
mouse	ASPN	Aspn	ENSMUSG00000021388	66695	2460	1wP_PZ5	5.58746683205483
mouse	ASPN	Aspn	ENSMUSG00000021388	66695	2460	1wT_PZ1	5.31847627095764
mouse	ASPN	Aspn	ENSMUSG00000021388	66695	2460	1wT_PZ2	5.55469411126584
mouse	ASPN	Aspn	ENSMUSG00000021388	66695	2460	1wT_PZ3	5.9810406064674
mouse	ASPN	Aspn	ENSMUSG00000021388	66695	2460	1wT_PZ4	4.84147103828807
mouse	ASPN	Aspn	ENSMUSG00000021388	66695	2460	1wT_PZ5	5.73712936860155
mouse	BGN	Bgn	ENSMUSG00000031375	12111	2961	1wPh_HZ1	14.4507535440761
mouse	BGN	Bgn	ENSMUSG00000031375	12111	2961	1wPh_HZ2	14.2358210537774
mouse	BGN	Bgn	ENSMUSG00000031375	12111	2961	1wPh_HZ3	14.4248681357006
mouse	BGN	Bgn	ENSMUSG00000031375	12111	2961	1wPh_HZ4	13.9683670814587
mouse	BGN	Bgn	ENSMUSG00000031375	12111	2961	1wPh_HZ5	14.5506923307219
mouse	BGN	Bgn	ENSMUSG00000031375	12111	2961	1wT_HZ1	13.4879111143353
mouse	BGN	Bgn	ENSMUSG00000031375	12111	2961	1wT_HZ2	13.2623387971347
mouse	BGN	Bgn	ENSMUSG00000031375	12111	2961	1wT_HZ3	13.8926521994737
mouse	BGN	Bgn	ENSMUSG00000031375	12111	2961	1wT_HZ4	13.1753285235779
mouse	BGN	Bgn	ENSMUSG00000031375	12111	2961	1wT_HZ5	13.5188797390284
mouse	BGN	Bgn	ENSMUSG00000031375	12111	2961	4wT_HZ1	14.8516817909294
mouse	BGN	Bgn	ENSMUSG00000031375	12111	2961	4wT_HZ2	14.7041815746178
mouse	BGN	Bgn	ENSMUSG00000031375	12111	2961	4wT_HZ3	15.1331420159597
mouse	BGN	Bgn	ENSMUSG00000031375	12111	2961	4wT_HZ4	15.0984582956581
mouse	BGN	Bgn	ENSMUSG00000031375	12111	2961	4wT_HZ5	14.957846081902
mouse	BGN	Bgn	ENSMUSG00000031375	12111	2961	4wT_PZ1	16.0347672681655
mouse	BGN	Bgn	ENSMUSG00000031375	12111	2961	4wT_PZ2	16.1430440110401
mouse	BGN	Bgn	ENSMUSG00000031375	12111	2961	4wT_PZ3	16.4179428282761
mouse	BGN	Bgn	ENSMUSG00000031375	12111	2961	4wT_PZ4	16.4163809078012
mouse	BGN	Bgn	ENSMUSG00000031375	12111	2961	4wT_PZ5	16.3782885651178
mouse	BGN	Bgn	ENSMUSG00000031375	12111	2961	1wP_PZ1	15.4866441032293
mouse	BGN	Bgn	ENSMUSG00000031375	12111	2961	1wP_PZ2	15.1500830259644
mouse	BGN	Bgn	ENSMUSG00000031375	12111	2961	1wP_PZ4	15.0605992717766
mouse	BGN	Bgn	ENSMUSG00000031375	12111	2961	1wP_PZ5	15.4495285199801
mouse	BGN	Bgn	ENSMUSG00000031375	12111	2961	1wT_PZ1	14.3415761679399
mouse	BGN	Bgn	ENSMUSG00000031375	12111	2961	1wT_PZ2	14.5890781730938
mouse	BGN	Bgn	ENSMUSG00000031375	12111	2961	1wT_PZ3	14.8695018154876
mouse	BGN	Bgn	ENSMUSG00000031375	12111	2961	1wT_PZ4	14.9492100055825
mouse	BGN	Bgn	ENSMUSG00000031375	12111	2961	1wT_PZ5	14.571237233707
mouse	DCN	Dcn	ENSMUSG00000019929	13179	5095	1wPh_HZ1	11.0788246149854
mouse	DCN	Dcn	ENSMUSG00000019929	13179	5095	1wPh_HZ2	11.0603052003558
mouse	DCN	Dcn	ENSMUSG00000019929	13179	5095	1wPh_HZ3	11.8127249018707
mouse	DCN	Dcn	ENSMUSG00000019929	13179	5095	1wPh_HZ4	10.9949170758535
mouse	DCN	Dcn	ENSMUSG00000019929	13179	5095	1wPh_HZ5	9.72737641204788
mouse	DCN	Dcn	ENSMUSG00000019929	13179	5095	1wT_HZ1	9.56663389957209
mouse	DCN	Dcn	ENSMUSG00000019929	13179	5095	1wT_HZ2	8.58076450965395
mouse	DCN	Dcn	ENSMUSG00000019929	13179	5095	1wT_HZ3	10.8425614978767
mouse	DCN	Dcn	ENSMUSG00000019929	13179	5095	1wT_HZ4	9.46122422001826
mouse	DCN	Dcn	ENSMUSG00000019929	13179	5095	1wT_HZ5	8.6406922055309
mouse	DCN	Dcn	ENSMUSG00000019929	13179	5095	4wT_HZ1	10.9947741437753
mouse	DCN	Dcn	ENSMUSG00000019929	13179	5095	4wT_HZ2	10.8346454857377
mouse	DCN	Dcn	ENSMUSG00000019929	13179	5095	4wT_HZ3	10.5572347568102
mouse	DCN	Dcn	ENSMUSG00000019929	13179	5095	4wT_HZ4	10.0153377162737
mouse	DCN	Dcn	ENSMUSG00000019929	13179	5095	4wT_HZ5	11.3104029795588
mouse	DCN	Dcn	ENSMUSG00000019929	13179	5095	4wT_PZ1	11.0997900305483
mouse	DCN	Dcn	ENSMUSG00000019929	13179	5095	4wT_PZ2	11.0205184352215
mouse	DCN	Dcn	ENSMUSG00000019929	13179	5095	4wT_PZ3	10.0568837585456
mouse	DCN	Dcn	ENSMUSG00000019929	13179	5095	4wT_PZ4	10.3375817303898
mouse	DCN	Dcn	ENSMUSG00000019929	13179	5095	4wT_PZ5	10.4186198186855
mouse	DCN	Dcn	ENSMUSG00000019929	13179	5095	1wP_PZ1	10.5218964987721
mouse	DCN	Dcn	ENSMUSG00000019929	13179	5095	1wP_PZ2	10.7401961203976
mouse	DCN	Dcn	ENSMUSG00000019929	13179	5095	1wP_PZ4	10.9736946645819
mouse	DCN	Dcn	ENSMUSG00000019929	13179	5095	1wP_PZ5	10.4262592117515
mouse	DCN	Dcn	ENSMUSG00000019929	13179	5095	1wT_PZ1	9.27916759811527
mouse	DCN	Dcn	ENSMUSG00000019929	13179	5095	1wT_PZ2	9.27773665357413
mouse	DCN	Dcn	ENSMUSG00000019929	13179	5095	1wT_PZ3	10.0280202488226
mouse	DCN	Dcn	ENSMUSG00000019929	13179	5095	1wT_PZ4	10.2547939779953
mouse	DCN	Dcn	ENSMUSG00000019929	13179	5095	1wT_PZ5	9.88356643970554
mouse	EPYC	Epyc	ENSMUSG00000019936	13516	6053	1wPh_HZ1	7.66768993233206
mouse	EPYC	Epyc	ENSMUSG00000019936	13516	6053	1wPh_HZ2	6.60574962269191
mouse	EPYC	Epyc	ENSMUSG00000019936	13516	6053	1wPh_HZ3	6.60011259822098
mouse	EPYC	Epyc	ENSMUSG00000019936	13516	6053	1wPh_HZ4	6.3814063481334
mouse	EPYC	Epyc	ENSMUSG00000019936	13516	6053	1wPh_HZ5	10.4900884954576
mouse	EPYC	Epyc	ENSMUSG00000019936	13516	6053	1wT_HZ1	9.32412613009446
mouse	EPYC	Epyc	ENSMUSG00000019936	13516	6053	1wT_HZ2	8.19147568274643
mouse	EPYC	Epyc	ENSMUSG00000019936	13516	6053	1wT_HZ3	9.58961488698085
mouse	EPYC	Epyc	ENSMUSG00000019936	13516	6053	1wT_HZ4	8.37364675932699
mouse	EPYC	Epyc	ENSMUSG00000019936	13516	6053	1wT_HZ5	9.89886653994431
mouse	EPYC	Epyc	ENSMUSG00000019936	13516	6053	4wT_HZ1	9.52496695804058
mouse	EPYC	Epyc	ENSMUSG00000019936	13516	6053	4wT_HZ2	8.9283992771886
mouse	EPYC	Epyc	ENSMUSG00000019936	13516	6053	4wT_HZ3	9.65907398128565
mouse	EPYC	Epyc	ENSMUSG00000019936	13516	6053	4wT_HZ4	9.65140920034212
mouse	EPYC	Epyc	ENSMUSG00000019936	13516	6053	4wT_HZ5	9.85585305522083
mouse	EPYC	Epyc	ENSMUSG00000019936	13516	6053	4wT_PZ1	12.4382806457174
mouse	EPYC	Epyc	ENSMUSG00000019936	13516	6053	4wT_PZ2	12.4419170861226
mouse	EPYC	Epyc	ENSMUSG00000019936	13516	6053	4wT_PZ3	12.6053471141012
mouse	EPYC	Epyc	ENSMUSG00000019936	13516	6053	4wT_PZ4	12.7942424854512
mouse	EPYC	Epyc	ENSMUSG00000019936	13516	6053	4wT_PZ5	12.7405989981925
mouse	EPYC	Epyc	ENSMUSG00000019936	13516	6053	1wP_PZ1	11.1646521281607
mouse	EPYC	Epyc	ENSMUSG00000019936	13516	6053	1wP_PZ2	11.1848898236718
mouse	EPYC	Epyc	ENSMUSG00000019936	13516	6053	1wP_PZ4	10.7710236144477
mouse	EPYC	Epyc	ENSMUSG00000019936	13516	6053	1wP_PZ5	11.4576051904883
mouse	EPYC	Epyc	ENSMUSG00000019936	13516	6053	1wT_PZ1	11.8222806063597
mouse	EPYC	Epyc	ENSMUSG00000019936	13516	6053	1wT_PZ2	12.454663872557
mouse	EPYC	Epyc	ENSMUSG00000019936	13516	6053	1wT_PZ3	12.3230775478912
mouse	EPYC	Epyc	ENSMUSG00000019936	13516	6053	1wT_PZ4	12.2191658446217
mouse	EPYC	Epyc	ENSMUSG00000019936	13516	6053	1wT_PZ5	12.5258647829203
mouse	FMOD	Fmod	ENSMUSG00000041559	14264	6765	1wPh_HZ1	11.5527431791755
mouse	FMOD	Fmod	ENSMUSG00000041559	14264	6765	1wPh_HZ2	10.6315401872159
mouse	FMOD	Fmod	ENSMUSG00000041559	14264	6765	1wPh_HZ3	9.77595377442069
mouse	FMOD	Fmod	ENSMUSG00000041559	14264	6765	1wPh_HZ4	11.0085530303642
mouse	FMOD	Fmod	ENSMUSG00000041559	14264	6765	1wPh_HZ5	14.3997912125414
mouse	FMOD	Fmod	ENSMUSG00000041559	14264	6765	1wT_HZ1	11.8809319763319
mouse	FMOD	Fmod	ENSMUSG00000041559	14264	6765	1wT_HZ2	10.3661895227982
mouse	FMOD	Fmod	ENSMUSG00000041559	14264	6765	1wT_HZ3	12.2714781205955
mouse	FMOD	Fmod	ENSMUSG00000041559	14264	6765	1wT_HZ4	11.0672285199668
mouse	FMOD	Fmod	ENSMUSG00000041559	14264	6765	1wT_HZ5	11.315416433594
mouse	FMOD	Fmod	ENSMUSG00000041559	14264	6765	4wT_HZ1	12.710280025173
mouse	FMOD	Fmod	ENSMUSG00000041559	14264	6765	4wT_HZ2	12.4894505491854
mouse	FMOD	Fmod	ENSMUSG00000041559	14264	6765	4wT_HZ3	13.2602085327594
mouse	FMOD	Fmod	ENSMUSG00000041559	14264	6765	4wT_HZ4	13.249389346164
mouse	FMOD	Fmod	ENSMUSG00000041559	14264	6765	4wT_HZ5	13.1051485457628
mouse	FMOD	Fmod	ENSMUSG00000041559	14264	6765	4wT_PZ1	16.2185104606008
mouse	FMOD	Fmod	ENSMUSG00000041559	14264	6765	4wT_PZ2	16.3368924907886
mouse	FMOD	Fmod	ENSMUSG00000041559	14264	6765	4wT_PZ3	16.5184576759679
mouse	FMOD	Fmod	ENSMUSG00000041559	14264	6765	4wT_PZ4	16.5986238048756
mouse	FMOD	Fmod	ENSMUSG00000041559	14264	6765	4wT_PZ5	16.5583879159871
mouse	FMOD	Fmod	ENSMUSG00000041559	14264	6765	1wP_PZ1	15.4660415207746
mouse	FMOD	Fmod	ENSMUSG00000041559	14264	6765	1wP_PZ2	15.0397500374881
mouse	FMOD	Fmod	ENSMUSG00000041559	14264	6765	1wP_PZ4	15.0080618390743
mouse	FMOD	Fmod	ENSMUSG00000041559	14264	6765	1wP_PZ5	15.3457473395101
mouse	FMOD	Fmod	ENSMUSG00000041559	14264	6765	1wT_PZ1	15.455952626827
mouse	FMOD	Fmod	ENSMUSG00000041559	14264	6765	1wT_PZ2	15.5378570836822
mouse	FMOD	Fmod	ENSMUSG00000041559	14264	6765	1wT_PZ3	15.3574241160126
mouse	FMOD	Fmod	ENSMUSG00000041559	14264	6765	1wT_PZ4	15.1177552161691
mouse	FMOD	Fmod	ENSMUSG00000041559	14264	6765	1wT_PZ5	15.4607555028895
mouse	LUM	Lum	ENSMUSG00000036446	17022	10340	1wPh_HZ1	11.416853974165
mouse	LUM	Lum	ENSMUSG00000036446	17022	10340	1wPh_HZ2	11.2378205098755
mouse	LUM	Lum	ENSMUSG00000036446	17022	10340	1wPh_HZ3	11.633024658609
mouse	LUM	Lum	ENSMUSG00000036446	17022	10340	1wPh_HZ4	11.0829426616026
mouse	LUM	Lum	ENSMUSG00000036446	17022	10340	1wPh_HZ5	10.0257164448711
mouse	LUM	Lum	ENSMUSG00000036446	17022	10340	1wT_HZ1	9.77418354510201
mouse	LUM	Lum	ENSMUSG00000036446	17022	10340	1wT_HZ2	8.99114393060668
mouse	LUM	Lum	ENSMUSG00000036446	17022	10340	1wT_HZ3	10.9147169740919
mouse	LUM	Lum	ENSMUSG00000036446	17022	10340	1wT_HZ4	9.05008661773317
mouse	LUM	Lum	ENSMUSG00000036446	17022	10340	1wT_HZ5	10.3320895148689
mouse	LUM	Lum	ENSMUSG00000036446	17022	10340	4wT_HZ1	11.0127021710394
mouse	LUM	Lum	ENSMUSG00000036446	17022	10340	4wT_HZ2	11.1991282338422
mouse	LUM	Lum	ENSMUSG00000036446	17022	10340	4wT_HZ3	11.0261571524851
mouse	LUM	Lum	ENSMUSG00000036446	17022	10340	4wT_HZ4	10.8018975054052
mouse	LUM	Lum	ENSMUSG00000036446	17022	10340	4wT_HZ5	11.3403658759431
mouse	LUM	Lum	ENSMUSG00000036446	17022	10340	4wT_PZ1	12.3305206913536
mouse	LUM	Lum	ENSMUSG00000036446	17022	10340	4wT_PZ2	12.178753175313
mouse	LUM	Lum	ENSMUSG00000036446	17022	10340	4wT_PZ3	12.4409059218139
mouse	LUM	Lum	ENSMUSG00000036446	17022	10340	4wT_PZ4	12.29413200782
mouse	LUM	Lum	ENSMUSG00000036446	17022	10340	4wT_PZ5	12.4512187122091
mouse	LUM	Lum	ENSMUSG00000036446	17022	10340	1wP_PZ1	10.9322586896698
mouse	LUM	Lum	ENSMUSG00000036446	17022	10340	1wP_PZ2	11.0998937806644
mouse	LUM	Lum	ENSMUSG00000036446	17022	10340	1wP_PZ4	11.2175749942887
mouse	LUM	Lum	ENSMUSG00000036446	17022	10340	1wP_PZ5	10.9124620325603
mouse	LUM	Lum	ENSMUSG00000036446	17022	10340	1wT_PZ1	11.2236758425056
mouse	LUM	Lum	ENSMUSG00000036446	17022	10340	1wT_PZ2	11.5603747763332
mouse	LUM	Lum	ENSMUSG00000036446	17022	10340	1wT_PZ3	11.5270215455022
mouse	LUM	Lum	ENSMUSG00000036446	17022	10340	1wT_PZ4	11.4546797598198
mouse	LUM	Lum	ENSMUSG00000036446	17022	10340	1wT_PZ5	11.8453768558947
mouse	OGN	Ogn	ENSMUSG00000021390	18295	12853	1wPh_HZ1	7.70201069381285
mouse	OGN	Ogn	ENSMUSG00000021390	18295	12853	1wPh_HZ2	8.23053863089746
mouse	OGN	Ogn	ENSMUSG00000021390	18295	12853	1wPh_HZ3	8.43870634643127
mouse	OGN	Ogn	ENSMUSG00000021390	18295	12853	1wPh_HZ4	6.57712538636114
mouse	OGN	Ogn	ENSMUSG00000021390	18295	12853	1wPh_HZ5	7.68873964047784
mouse	OGN	Ogn	ENSMUSG00000021390	18295	12853	1wT_HZ1	6.55964181832478
mouse	OGN	Ogn	ENSMUSG00000021390	18295	12853	1wT_HZ2	6.96594537062208
mouse	OGN	Ogn	ENSMUSG00000021390	18295	12853	1wT_HZ3	6.46408614742826
mouse	OGN	Ogn	ENSMUSG00000021390	18295	12853	1wT_HZ4	7.63957803070067
mouse	OGN	Ogn	ENSMUSG00000021390	18295	12853	1wT_HZ5	5.86410063955567
mouse	OGN	Ogn	ENSMUSG00000021390	18295	12853	4wT_HZ1	7.70412335548254
mouse	OGN	Ogn	ENSMUSG00000021390	18295	12853	4wT_HZ2	6.22485806052693
mouse	OGN	Ogn	ENSMUSG00000021390	18295	12853	4wT_HZ3	7.14254853945534
mouse	OGN	Ogn	ENSMUSG00000021390	18295	12853	4wT_HZ4	5.75247407048877
mouse	OGN	Ogn	ENSMUSG00000021390	18295	12853	4wT_HZ5	5.9389980462312
mouse	OGN	Ogn	ENSMUSG00000021390	18295	12853	4wT_PZ1	8.50323977822911
mouse	OGN	Ogn	ENSMUSG00000021390	18295	12853	4wT_PZ2	8.56870248810893
mouse	OGN	Ogn	ENSMUSG00000021390	18295	12853	4wT_PZ3	9.01576249419123
mouse	OGN	Ogn	ENSMUSG00000021390	18295	12853	4wT_PZ4	8.83201825892148
mouse	OGN	Ogn	ENSMUSG00000021390	18295	12853	4wT_PZ5	8.63384453664233
mouse	OGN	Ogn	ENSMUSG00000021390	18295	12853	1wP_PZ1	8.59097055085399
mouse	OGN	Ogn	ENSMUSG00000021390	18295	12853	1wP_PZ2	8.84209714734546
mouse	OGN	Ogn	ENSMUSG00000021390	18295	12853	1wP_PZ4	8.61536991487504
mouse	OGN	Ogn	ENSMUSG00000021390	18295	12853	1wP_PZ5	8.19120051372641
mouse	OGN	Ogn	ENSMUSG00000021390	18295	12853	1wT_PZ1	7.64273593340904
mouse	OGN	Ogn	ENSMUSG00000021390	18295	12853	1wT_PZ2	7.59344318419534
mouse	OGN	Ogn	ENSMUSG00000021390	18295	12853	1wT_PZ3	7.3225395188592
mouse	OGN	Ogn	ENSMUSG00000021390	18295	12853	1wT_PZ4	7.2328344786389
mouse	OGN	Ogn	ENSMUSG00000021390	18295	12853	1wT_PZ5	8.35314513615362
mouse	OMD	Omd	ENSMUSG00000048368	27047	13042	1wPh_HZ1	7.60860947569236
mouse	OMD	Omd	ENSMUSG00000048368	27047	13042	1wPh_HZ2	7.00592148271966
mouse	OMD	Omd	ENSMUSG00000048368	27047	13042	1wPh_HZ3	7.4497051355049
mouse	OMD	Omd	ENSMUSG00000048368	27047	13042	1wPh_HZ4	6.50199305510669
mouse	OMD	Omd	ENSMUSG00000048368	27047	13042	1wPh_HZ5	7.80253945467228
mouse	OMD	Omd	ENSMUSG00000048368	27047	13042	1wT_HZ1	6.51827140071265
mouse	OMD	Omd	ENSMUSG00000048368	27047	13042	1wT_HZ2	5.02217285108234
mouse	OMD	Omd	ENSMUSG00000048368	27047	13042	1wT_HZ3	5.75033888887408
mouse	OMD	Omd	ENSMUSG00000048368	27047	13042	1wT_HZ4	3.3851535798807
mouse	OMD	Omd	ENSMUSG00000048368	27047	13042	1wT_HZ5	6.10129311855671
mouse	OMD	Omd	ENSMUSG00000048368	27047	13042	4wT_HZ1	8.83031989424569
mouse	OMD	Omd	ENSMUSG00000048368	27047	13042	4wT_HZ2	6.81104315976333
mouse	OMD	Omd	ENSMUSG00000048368	27047	13042	4wT_HZ3	5.94441732252114
mouse	OMD	Omd	ENSMUSG00000048368	27047	13042	4wT_HZ4	6.34162056071636
mouse	OMD	Omd	ENSMUSG00000048368	27047	13042	4wT_HZ5	7.5081976106021
mouse	OMD	Omd	ENSMUSG00000048368	27047	13042	4wT_PZ1	8.87651252155314
mouse	OMD	Omd	ENSMUSG00000048368	27047	13042	4wT_PZ2	8.78511608343858
mouse	OMD	Omd	ENSMUSG00000048368	27047	13042	4wT_PZ3	9.52312901899233
mouse	OMD	Omd	ENSMUSG00000048368	27047	13042	4wT_PZ4	9.00766318222797
mouse	OMD	Omd	ENSMUSG00000048368	27047	13042	4wT_PZ5	8.90293749015628
mouse	OMD	Omd	ENSMUSG00000048368	27047	13042	1wP_PZ1	9.97953946686976
mouse	OMD	Omd	ENSMUSG00000048368	27047	13042	1wP_PZ2	8.87290988668608
mouse	OMD	Omd	ENSMUSG00000048368	27047	13042	1wP_PZ4	8.65065513970914
mouse	OMD	Omd	ENSMUSG00000048368	27047	13042	1wP_PZ5	8.96049063049266
mouse	OMD	Omd	ENSMUSG00000048368	27047	13042	1wT_PZ1	7.54594230081006
mouse	OMD	Omd	ENSMUSG00000048368	27047	13042	1wT_PZ2	7.32785763582851
mouse	OMD	Omd	ENSMUSG00000048368	27047	13042	1wT_PZ3	7.10985607699638
mouse	OMD	Omd	ENSMUSG00000048368	27047	13042	1wT_PZ4	7.44012939494628
mouse	OMD	Omd	ENSMUSG00000048368	27047	13042	1wT_PZ5	8.20748286002307
mouse	PRELP	Prelp	ENSMUSG00000041577	116847	14284	1wPh_HZ1	10.5707416611394
mouse	PRELP	Prelp	ENSMUSG00000041577	116847	14284	1wPh_HZ2	8.84240545138377
mouse	PRELP	Prelp	ENSMUSG00000041577	116847	14284	1wPh_HZ3	9.00146402567581
mouse	PRELP	Prelp	ENSMUSG00000041577	116847	14284	1wPh_HZ4	10.0427735158009
mouse	PRELP	Prelp	ENSMUSG00000041577	116847	14284	1wPh_HZ5	14.8289059277076
mouse	PRELP	Prelp	ENSMUSG00000041577	116847	14284	1wT_HZ1	11.8130586357836
mouse	PRELP	Prelp	ENSMUSG00000041577	116847	14284	1wT_HZ2	9.23685972555843
mouse	PRELP	Prelp	ENSMUSG00000041577	116847	14284	1wT_HZ3	12.3711730682016
mouse	PRELP	Prelp	ENSMUSG00000041577	116847	14284	1wT_HZ4	10.8369861888533
mouse	PRELP	Prelp	ENSMUSG00000041577	116847	14284	1wT_HZ5	10.4058885087684
mouse	PRELP	Prelp	ENSMUSG00000041577	116847	14284	4wT_HZ1	11.1849233715682
mouse	PRELP	Prelp	ENSMUSG00000041577	116847	14284	4wT_HZ2	9.94619294792846
mouse	PRELP	Prelp	ENSMUSG00000041577	116847	14284	4wT_HZ3	11.4473500614425
mouse	PRELP	Prelp	ENSMUSG00000041577	116847	14284	4wT_HZ4	12.4319307599844
mouse	PRELP	Prelp	ENSMUSG00000041577	116847	14284	4wT_HZ5	11.6433065634763
mouse	PRELP	Prelp	ENSMUSG00000041577	116847	14284	4wT_PZ1	16.5343832202274
mouse	PRELP	Prelp	ENSMUSG00000041577	116847	14284	4wT_PZ2	16.7931962480079
mouse	PRELP	Prelp	ENSMUSG00000041577	116847	14284	4wT_PZ3	16.8709199604575
mouse	PRELP	Prelp	ENSMUSG00000041577	116847	14284	4wT_PZ4	17.0623398808509
mouse	PRELP	Prelp	ENSMUSG00000041577	116847	14284	4wT_PZ5	17.1321874193051
mouse	PRELP	Prelp	ENSMUSG00000041577	116847	14284	1wP_PZ1	15.6922597141164
mouse	PRELP	Prelp	ENSMUSG00000041577	116847	14284	1wP_PZ2	15.475432044189
mouse	PRELP	Prelp	ENSMUSG00000041577	116847	14284	1wP_PZ4	15.4449230165104
mouse	PRELP	Prelp	ENSMUSG00000041577	116847	14284	1wP_PZ5	15.8509347093555
mouse	PRELP	Prelp	ENSMUSG00000041577	116847	14284	1wT_PZ1	16.3769277118682
mouse	PRELP	Prelp	ENSMUSG00000041577	116847	14284	1wT_PZ2	16.2816658176289
mouse	PRELP	Prelp	ENSMUSG00000041577	116847	14284	1wT_PZ3	16.3012538149588
mouse	PRELP	Prelp	ENSMUSG00000041577	116847	14284	1wT_PZ4	16.0343040874398
mouse	PRELP	Prelp	ENSMUSG00000041577	116847	14284	1wT_PZ5	16.2470621015733
