species	gene	slrp_class	panel_role	tibia_conditions	conditions_detected_in_all_replicates	mean_within_condition_rank	best_within_condition_rank	worst_within_condition_rank	mean_rank_percentile	rank_denominator	mean_of_condition_means_descriptive_only
mouse	BGN	I	final_panel	4	4	2.250000	1	3	0.073529	18	14.839672
mouse	FMOD	II	final_panel	4	4	2.250000	2	3	0.073529	18	14.043817
mouse	PRELP	II	final_panel	4	4	2.250000	1	4	0.073529	18	13.847596
mouse	CHAD	IV	not_preselected	4	4	3.750000	1	6	0.161765	18	13.089889
mouse	LUM	II	final_panel	4	4	5.250000	5	6	0.250000	18	11.187457
mouse	EPYC	III	final_panel	4	4	5.750000	4	7	0.279412	18	10.868144
mouse	DCN	I	final_panel	4	4	7.000000	6	8	0.352941	18	10.123048
mouse	CHADL	IV	not_preselected	4	4	8.000000	7	9	0.411765	18	9.758023
mouse	TSKU	IV	not_preselected	4	4	10.250000	9	11	0.544118	18	7.981442
mouse	PODNL1	V	not_preselected	4	4	10.500000	8	13	0.558824	18	7.821202
mouse	ECM2	I	not_preselected	4	4	11.000000	10	12	0.588235	18	7.854397
mouse	OGN	III	final_panel	4	4	11.250000	10	13	0.602941	18	7.397731
mouse	OMD	II	context	4	4	11.750000	9	14	0.632353	18	7.246973
mouse	ASPN	I	background	4	4	13.750000	13	14	0.750000	18	5.561116
mouse	OPTC	III	not_preselected	4	2	15.750000	15	17	0.867647	18	3.109749
mouse	PODN	V	not_preselected	4	3	15.750000	15	17	0.867647	18	3.424223
mouse	NYX	IV	not_preselected	4	2	17.000000	16	18	0.941176	18	2.071650
mouse	KERA	II	not_preselected	4	0	17.500000	16	18	0.970588	18	0.617301
rat	BGN	I	final_panel	4	4	1.500000	1	2	0.038462	14	17.002191
rat	FMOD	II	final_panel	4	4	1.500000	1	2	0.038462	14	17.227346
rat	PRELP	II	final_panel	4	4	3.000000	3	3	0.153846	14	14.462716
rat	LUM	II	final_panel	4	4	4.750000	4	6	0.288462	14	11.254953
rat	CHAD	IV	not_preselected	4	4	5.250000	4	6	0.326923	14	10.494947
rat	EPYC	III	final_panel	4	4	5.500000	4	8	0.346154	14	10.599439
rat	TSKU	IV	not_preselected	4	4	7.000000	7	7	0.461538	14	9.147885
rat	DCN	I	final_panel	4	4	8.000000	6	9	0.538462	14	8.020146
rat	OPTC	III	not_preselected	4	3	8.500000	8	9	0.576923	14	5.773760
rat	NYX	IV	not_preselected	4	2	10.750000	10	12	0.750000	14	1.808003
rat	OGN	III	final_panel	4	0	10.750000	10	11	0.750000	14	1.092590
rat	KERA	II	not_preselected	4	0	11.500000	10	12	0.807692	14	0.594311
rat	ASPN	I	background	4	0	12.500000	12	13	0.884615	14	0.000000
rat	OMD	II	context	4	0	12.500000	12	13	0.884615	14	0.000000
